name,address,district,website,detected,server_header,x_powered_by,status_code,error
Samsun Diş Kliniği Dt.Ayzıt Ülkü Budak,"Yenimahalle, 3474 Sk Demir Apt D:No:1 Daire:11, 55270, Yenimahalle, 55100 Atakum/Samsun, Türkiye",Atakum,,Website yok,,,,
Atakum Atadent Diş Kliniği Dt. Fatih Biçer & Dt. A.Selim Kocabaş,"Güzelyalı, 3021. Sk. No:1/2, 55270 Atakum/Samsun, Türkiye",Atakum,,Website yok,,,,
SmileDent Diş Polikliniği - Uzm. Dt. Samet Çelik | Diş implantı | Invisalign | Gülüş Tasarımı | Şeffaf Plak Tedavisi,"Albayrak Apartmanı, Mimarsinan, 144. Sk. No: 33/2, 55200 Atakum/Samsun, Türkiye",Atakum,http://www.smiledent.com.tr/,Bilinmiyor / özel kod,LiteSpeed,,200,
Prof.Dr. İlker KESKİNER & Prof.Dr. Alper ÖZ (Ortodonti Uzmanı),"Dentatakum ağız ve diş sağlığı polikliniği, Cumhuriyet, Adnan Menderes Blv. No:327/3, 55200 Atakum/Samsun, Türkiye",Atakum,http://dentatakum.com/,Bilinmiyor / özel kod,nginx,"PHP/7.4.33, PleskLin",200,
İlgi Dent | Samsun Diş Kliniği,"Mimarsinan, 160. Sk. No:26-1 Kat: 2, 55200 Atakum/Samsun, Türkiye",Atakum,https://dentilgi.com/,WordPress,LiteSpeed,PHP/8.3.31,200,
"Uzm. Dt. Sevgin İbiş Tüfenk, Çocuk Diş Hekimliği (Pedodonti)","Mimar Sinan mah. 160. sok. Köksal iş mrk. 26/3 (Medical Park acil karşısı, Mimarsinan, 55200 Atakum/Samsun, Türkiye",Atakum,https://www.doktortakvimi.com/sevgin-ibis-tufenk/cocuk-dis-hekimligi-pedodonti/samsun?utm_source=google&utm_medium=gmb&utm_campaign=259501&utm_content=website,Bilinmiyor / özel kod,nginx,,200,
Diş Hekimi Dilek Uçar Çiftçi,"Yenimahalle, İstiklal Cd. no:31/5, 55200 Atakum/Samsun, Türkiye",Atakum,https://www.instagram.com/dt.dilekucarciftci/,Bilinmiyor / özel kod,,,200,
RivaDent Atakum Ağız ve Diş Sağlığı Polikliniği,"Mimarsinan, Atatürk Bl. Riva İş Merkezi No: 260 Kat:1, 55200 Atakum/Samsun, Türkiye",Atakum,https://rivadent.com.tr/poliklinikler/rivadent-atakum,Bilinmiyor / özel kod,LiteSpeed,PHP/7.4.33,200,
Samsun Dental Prime | Atakum Diş Kliniği | Samsun Diş Kliniği | Samsun Çocuk Diş Doktoru,"Lotus Evleri, Mimarsinan, Atatürk Bl. No:257/A Zemin Kat, 55200 Atakum/Samsun, Türkiye",Atakum,http://www.samsundentalprime.com.tr/,Bilinmiyor / özel kod,cloudflare,,200,
Dr. Metin Yıldırım,"İstasyon İstiklal Cad. Başoğlu İş Merkezi, Çiftlik, No:102/41, 55070 İlkadım/Samsun, Türkiye",İlkadım,,Website yok,,,,
Bilim Diş Kliniği Atakum Ağız ve Diş Sağlığı Polikliniği ( Diş Hekimi Hüseyin KAYA - Diş Hekimi Resul Yüksek ),"Cumhuriyet, Alparslan Blv. No:18, 55200 Atakum/Samsun, Türkiye",Atakum,http://bilimdisklinigi.com/,WordPress,LiteSpeed,,200,
Dr. Fuat Tokalak,"Ömürevleri sahil İskelenin karşısı, Cumhuriyet, 6. Sk. no:7/4, 55030 Atakum/Samsun, Türkiye",Atakum,,Website yok,,,,
ORTODONTİ UZMANI GÜLTEKİN EROL,"Cumhuriyet, Alparslan Blv. 46/2, 55270 Atakum/Samsun, Türkiye",Atakum,,Website yok,,,,
Dr. Erman Canlı Ortodonti Uzmanı,"Mimarsinan, Atatürk Bl. No:260/1, 55200 Atakum/Samsun, Türkiye",Atakum,http://drermancanli.com/,Bilinmiyor / özel kod,,,429,
"Uzm. Dt. Safiye Seyhan Keskin, Çocuk Diş Hekimliği (Pedodonti)","Kale, İstiklal Cd. No:35/1, 55030 İlkadım/Samsun, Türkiye",İlkadım,https://www.doktortakvimi.com/safiye-seyhan-keskin/cocuk-dis-hekimligi-pedodonti-dis-hekimi/samsun?utm_source=google&utm_medium=gmb&utm_campaign=243642&utm_content=website,Bilinmiyor / özel kod,nginx,,200,
"Dr. Yalçın Kafkas, Ortodonti Uzmanı","Kılıçdede Mah. Kastamonu Sk, Borkonut Center, Yeni, Adliye Arkası No: 6/11, 55060 İlkadım/Samsun, Türkiye",İlkadım,http://www.kuzeydisklinigi.com/,Bilinmiyor / özel kod,LiteSpeed,,200,
"Uzm.Dt. İbrahim Şimşek - Samsun Uzman Diş Hekimi, Samsun Pedodonti, Samsun Çocuk Diş Doktoru, Samsun Çocuk Diş Hekimi","Cumhuriyet Mah. Alparslan Bul. Sungur Apt. No: 32 Kat: 1 Daire: 3, Cumhuriyet, 55200 Atakum/Samsun, Türkiye",Atakum,https://www.ibrahimsimsek.com.tr/,WordPress,LiteSpeed,,200,
Samsun Ortodonti - Dr. Dt. Gülsüm YOLCU YILMAZ,"Kale, İstiklal Cd. Şaban Yaşmut Apart no :9 kat:3, 55030 İlkadım/Samsun, Türkiye",İlkadım,,Website yok,,,,
Samsun Ortodonti Uzmanı - Dr. Betül Uzun - Atakum Diş Doktoru,"Mimarsinan, 144. Sk. Albayrak sitesi No:33 B Blok 5/29, 55200 Atakum/Samsun, Türkiye",Atakum,https://www.betuluzun.com/,WordPress,Apache,,200,
PROF DR METE ÖZER,"Körfez, Atatürk 5.Kısım Bulvarı No:3/2, 55200 Atakum/Samsun, Türkiye",Atakum,https://meteozer.com/iletisim/,WordPress,LiteSpeed,PHP/8.1.34,200,
"Prof.Dr. Cihan BEREKET, samsunimplant, ondokuz mayıs üniversitesi diş hekimliği fakültesi ağız diş ve çene cerrahisi","Diş hekimliği Fakültesi AĞIZ DİŞ VE ÇENE CERRAHİSİ KLİNİĞi İMPLANT UYGULAMA ÜNİTESİ, Körfez, Ondokuz mayıs üniversitesi, 55200 Atakum/Samsun, Türkiye",Atakum,,Website yok,,,,
"Uzm. Dt. Ayşe Büşra Şimşek - Samsun Ortodonti Uzmanı - Atakum Ortodonti Uzmanı, Samsun Özel Diş Hekimi, Özel Diş Doktoru","Cumhuriyet Mahallesi Alparslan Bulvarı Sungur Apt. No:32 Kat:1 Daire:3, Cumhuriyet, 55200 Atakum/Samsun, Türkiye",Atakum,https://www.aysebusrasimsek.com/,WordPress,cloudflare,,200,
Uzm.dt.Gökcan Ertaş,"Lotus Evleri, Mimarsinan, Atatürk Bl. No:257/A, 55200 Atakum/Samsun, Türkiye",Atakum,https://www.samsundentalprime.com.tr/,Bilinmiyor / özel kod,cloudflare,,200,
Prof.Dr.Ayça Tuba Ulusoy,"Körfez, Atakum Bulvarı no:21/13, 55200 Atakum/Samsun, Türkiye",Atakum,http://www.samsuncocukdisdoktoru.com/%20%20%20%20%20%20%20%20%20https://www.doktortakvimi.com/ayca-tuba-ulusoy/cocuk-dis-hekimligi-pedodonti/samsun?utm_source=google&utm_medium=gmb&utm_campaign=125809&utm_content=post_book_now,WordPress,,,404,
"Dent362 Prof. Dr. Mahmut Sumer, Ağız Diş Ve Çene Cerrahisi","Cumhuriyet, 6. Sk. NO:7, 55020 Atakum/Samsun, Türkiye",Atakum,https://www.doktortakvimi.com/mahmut-sumer/agiz-dis-ve-cene-cerrahisi-dis-hekimi/samsun?utm_source=google&utm_medium=gmb&utm_campaign=129485&utm_content=website,Bilinmiyor / özel kod,nginx,,200,
Dr. Vildan Kasap,"Cumhuriyet, Adnan Menderes Blv. No.327, 55200 Atakum/Samsun, Türkiye",Atakum,,Website yok,,,,
Dent Samsun | Samsun Ağız ve Diş Sağlığı Polikliniği,"Saitbey, 100. Yıl Blv. Çiçek apt No:91/3, 55030 İlkadım/Samsun, Türkiye",İlkadım,http://www.dentsamsun.com/,,,,,"HTTPSConnectionPool(host='www.dentsamsun.com', port=443): Max retries exceeded with url: / (Caused by SSLError(SSLError(1, '[SSL: TLSV1_ALERT_PROTOCOL_VERSION] tlsv1 alert protocol version (_ssl.c:1129)')))"
Dr. Koray Onur Şanal,"Cumhuriyet Mahallesi Alparslan Bulvarı Sungur Apartmanı, Bina No:32 Kat:2, Daire:6, Cumhuriyet, 55200 Atakum/Samsun, Türkiye",Atakum,https://www.doktortakvimi.com/koray-onur-sanal/agiz-dis-ve-cene-cerrahisi-dis-hekimi/samsun,Bilinmiyor / özel kod,nginx,,200,
"Dr. Dt. Nazife Tuba Telcioğlu, Ağız Diş Ve Çene Cerrahisi","Körfez Mahallesi Adnan Menderes 3, D:5, Denizevleri, kısım bulvarı no:219A, 55030 Atakum/Samsun, Türkiye",Atakum,https://www.doktortakvimi.com/nazife-tuba-telcioglu/agiz-dis-ve-cene-cerrahisi-dis-hekimi/samsun?utm_source=google&utm_medium=gmb&utm_campaign=130585&utm_content=website,Bilinmiyor / özel kod,nginx,,200,
DENTALPARK AĞIZ VE DİŞ SAĞLIĞI POLİKLİNİĞİ | Dişçi | implant | Diş Çekimi | Gülüş Tasarımı | Zirkonyum Kaplama | Emax kaplama,"Ömürevleri, İsmet İnönü Blv. no:289, 55200 Atakum/Samsun, Türkiye",Atakum,https://dentalparksamsun.com/,WordPress,nginx,,200,
"Dr. Dt. Bora ÖZAN, Ağız, Diş ve Çene Cerrahisi Uzmanı","Bahçelievler, İstiklal Cd. No:132, 55070 İlkadım/Samsun, Türkiye",İlkadım,https://www.doktortakvimi.com/bora-ozan-2/agiz-dis-ve-cene-cerrahisi-dis-hekimi/samsun?utm_source=google&utm_medium=gmb&utm_campaign=131168&utm_content=website,Bilinmiyor / özel kod,nginx,,200,
"Prof. Dr. A.Alper Öz, Ortodonti Uzmanı","Özel Dentatakum Ağız ve Diş Sağlığı Polikliniği, Cumhuriyet, Adnan Menderes Blv. No:327/3, 55200 Atakum/Samsun, Türkiye",Atakum,https://www.doktortakvimi.com/a-alper-oz/ortodonti/samsun?utm_source=google&utm_medium=gmb&utm_campaign=181192&utm_content=website,Bilinmiyor / özel kod,nginx,,200,
Atakum Diş Klinigi,"DEMİR APT, Yenimahalle, 3473 SOK NO 1 KAT 1, 55100 Atakum/Samsun, Türkiye",Atakum,,Website yok,,,,
VM Medical Park Samsun Hastanesi,"Mimarsinan, Alparslan Blv. No:17, 55200 Atakum/Samsun, Türkiye",Atakum,https://www.medicalpark.com.tr/hastanelerimiz/samsun-hastanesi?utm_source=gmb&utm_medium=page&utm_campaign=Medical_Park_Online_Randevu&utm_content=medical_park_samsun_hastanesi&ep_id=leompweb_1cdb60ed,Bilinmiyor / özel kod,cloudflare,,200,
Samsun Ağız Ve Diş Sağlığı Hastanesi,"Adalet, Lise Cd. No:83, 55060 İlkadım/Samsun, Türkiye",İlkadım,https://samsunadsh.saglik.gov.tr/,ASP.NET,,,200,
Karadeniz Ağız ve Diş Sağlığı Polikliniği - Samsun Atakum Şube,"Yeni Mahalle Mah, Ali Gaffar Okkan Cd. No:90, 55200 Atakum/Samsun, Türkiye",Atakum,,Website yok,,,,
Atakum Diş Hekimi Hüseyin KAYA,"Cumhuriyet, Alparslan Blv. No:18, 55200 Atakum/Samsun, Türkiye",Atakum,https://dthuseyinkaya.com/,WordPress,,,200,
"Dr. Dt. Mehmet Keleş, Diş Hekimi","Kılıçdede, Kastamonu Sk. 6/11, 55060 İlkadım/Samsun, Türkiye",İlkadım,https://www.doktortakvimi.com/mehmet-keles-4/dis-hekimi-agiz-dis-ve-cene-cerrahisi/samsun?utm_source=google&utm_medium=gmb&utm_campaign=126066&utm_content=website,Bilinmiyor / özel kod,nginx,,200,
Özel Atakum Ağız Ve Diş Sağlığı Polikliniği,"Cumhuriyet, Alparslan Blv. Erman Apt No:6 Kat:1 No:6 Kat:1, 55200 Atakum/Samsun, Türkiye",Atakum,https://www.dtermanurer.com/,Bilinmiyor / özel kod,nginx,,200,
Atakent Diş Kliniği,"Yenimahalle, 3078. Sk. No: 22, 55270 Atakum/Samsun, Türkiye",Atakum,,Website yok,,,,
Dentamarin,"Körfez mah, Adnan Menderes 3, Körfez, kısım bulv No:219/A, 55270 Atakum/Samsun, Türkiye",Atakum,http://dentamarin.com/,Bilinmiyor / özel kod,cloudflare,"PHP/7.4.33, PleskLin",200,
Samsun Dental Klinik Ağız Ve Diş Sağlığı Polikliniği,"Bahçelievler, Lise Cd. No:43/9, 55070 İlkadım/Samsun, Türkiye",İlkadım,http://www.samsundentalklinik.com/,Bilinmiyor / özel kod,nginx,,200,
Özel Atakent Ağız ve Diş Sağlığı Polikliniği (Uzm. Dt. Tamer Yıldırım & Uzm. Dt. Burcu Yıldırım) | Atakum/Samsun,"Yenimahalle, Ali Gaffar Okkan Cd. No:14/1, 55270 Atakum/Samsun, Türkiye",Atakum,https://www.instagram.com/ozelatakent?igsh=bjA4bXhtbmp5MjRh&utm_source=qr,Bilinmiyor / özel kod,,,200,
"Doç. Dr. Fatma Ayşe Şanal, Protetik Diş Tedavisi","Cumhuriyet Mahallesi Alparslan Bulvarı Sungur Apt. No: 32 Kat: 2 Daire: 6, Cumhuriyet, 55200 Atakum/Samsun, Türkiye",Atakum,https://www.doktortakvimi.com/fatma-ayse-sanal/protetik-dis-tedavisi-dis-hekimi/samsun?utm_source=google&utm_medium=gmb&utm_campaign=119797&utm_content=website,Bilinmiyor / özel kod,nginx,,200,
Dentakan Ağız Ve Diş Sağlığı Polikliniği,"Atakent, 3026. Sk. Atatürk 3. Kısım bulvarı Platin ofis no :43/5, 55270 Atakum/Samsun, Türkiye",Atakum,https://instagram.com/dt.emirakan?igshid=MjEwN2IyYWYwYw==,Bilinmiyor / özel kod,,,200,
Diş hekimi Fatma Nur Bacanlı&Diş hekimi Faruk Kayadelen,"Yenimahalle, 3078. Sk. No:22, 55200 Atakum/Samsun, Türkiye",Atakum,,Website yok,,,,
Prof. Dr. Dt. Elif Eser Acarel,"Ondokuz Mayıs Üniversitesi Diş Hekimliği Fakültesi, Körfez, 55270 Atakum/Samsun, Türkiye",Atakum,https://www.doktorsitesi.com/prof-dr-dt-elif-eser-acarel/dis-hekimi/samsun,Next.js,cloudflare,,200,
"Uzm. Dt. Barış Öztürk, Ortodonti","Kılıç Apartmanı, Cumhuriyet, Alparslan Blv. No:4 B Blok Kat : 1 Daire 4, 55200 Atakum/Samsun, Türkiye",Atakum,http://www.barisozturk.com/,Bilinmiyor / özel kod,cloudflare,,200,
Diş hekimi Çağlar Şentürk,"Adalet, Gümüşhane Sk. No:26/2, 55000 İlkadım/Samsun, Türkiye",İlkadım,,Website yok,,,,
Güler Dentist,"Mimarsinan, Atatürk Bl. No:266A, 55200 Atakum/Samsun, Türkiye",Atakum,http://www.gulerdent.com.tr/,"React, WordPress",cloudflare,PHP/7.4.33,200,
Diş Hekimi Dilara Alim,"Baran Apartmanı, Bahçelievler, İstiklal Cd. No: 242, 55000 İlkadım/Samsun, Türkiye",İlkadım,http://instagram.com/dtdilaraalim,Bilinmiyor / özel kod,,,200,
Özel Etiler Ağız ve Diş Sağlığı Polikliniği - Samsun Diş Klinikleri - Samsun Atakum Diş Kliniği,"Mimarsinan, Atatürk Bl. no:283B, 55200 Atakum/Samsun, Türkiye",Atakum,https://ozeletilerdis.com/,,,,,"HTTPSConnectionPool(host='ozeletilerdis.com', port=443): Max retries exceeded with url: / (Caused by NameResolutionError(""HTTPSConnection(host='ozeletilerdis.com', port=443): Failed to resolve 'ozeletilerdis.com' ([Errno 8] nodename nor servname provided, or not known)""))"
Diş Hekimi Mert Çelebi Gündüz,"Hürriyet mahallesi Çiftlik caddesi, Hürriyet, Alp Gündem Sk. atalay apartmanı kat:3 daire:10, 55000 İlkadım/Samsun, Türkiye",İlkadım,https://dtmertgunduz.com/,WordPress,hcdn,PHP/8.3.31,200,
Berlin Dental Klinik Ağız ve Diş Sağlığı Polikliniği,"Cumhuriyet, Bariş Caddesi No:8A, 55200 Atakum/Samsun, Türkiye",Atakum,http://dentaberlin.com/,WordPress,LiteSpeed,PHP/8.2.31,200,
Dentalpark Ağız ve Diş Sağlığı Kliniği Mevlana Şubesi,"Mevlana, 776.Sokak NO: 9/A, 55200 Atakum/Samsun, Türkiye",Atakum,http://dentalparksamsun.com/,WordPress,nginx,,200,
Özel Dream Smile - Diş Kliniği,"Atakent, İsmet İnönü Cd. No:40, 55270 Atakum/Samsun, Türkiye",Atakum,https://www.samsundisci.com.tr/,,,,,"HTTPSConnectionPool(host='www.samsundisci.com.tr', port=443): Max retries exceeded with url: / (Caused by NameResolutionError(""HTTPSConnection(host='www.samsundisci.com.tr', port=443): Failed to resolve 'www.samsundisci.com.tr' ([Errno 8] nodename nor servname provided, or not known)""))"
Diş Hekimi Furkan Gül & Fatma Rukiye Soylu,"Yenimahalle, Vatan Cd. no:22/A, 55270 Atakum/Samsun, Türkiye",Atakum,,Website yok,,,,
Özel Samsun Ağız ve Diş Sağlığı Polikliniği,"Hürriyet Mh. Ağabali Cd, Hürriyet, Hakkı Bey Sk. No:48/2, 55030 İlkadım/Samsun, Türkiye",İlkadım,,Website yok,,,,
Özel Life Dental Ağız ve Diş Sağlığı Polikliniği,"Körfez, Atatürk 5.Kısım Bulvarı No:120/5 Kat:4, 55200 Atakum/Samsun, Türkiye",Atakum,,Website yok,,,,
Denta Samsun Ağız ve Diş Sağlığı Polikliniği,"Kale, İstiklal Cd. No:35 D:1, 55030 İlkadım/Samsun, Türkiye",İlkadım,https://www.dentaclinics.com/tr/,,,,,"HTTPSConnectionPool(host='www.dentaclinics.com', port=443): Max retries exceeded with url: /tr/ (Caused by SSLError(SSLCertVerificationError(1, '[SSL: CERTIFICATE_VERIFY_FAILED] certificate verify failed: certificate has expired (_ssl.c:1129)')))"
Özel Ömürevleri Ağız Ve Diş Sağlığı Polikliniği,"Cumhuriyet, Recep Tayyip Erdoğan Blv No:22/C, 55200 Atakum/Samsun, Türkiye",Atakum,https://www.google.com/search?gs_ssp=eJzj4tVP1zc0LMwzsDQzrjQxYLRSNagwMbCwMLe0SLFIMTY1SUqytDKoMEtOszBPNTC3NDA1S0ozNPeSOrwt9_CeotSynNSiTIWUzKPzFbJzMvMyj8zPBADFiRsg&q=%C3%B6m%C3%BCrevleri+di%C5%9F+klini%C4%9Fi&oq=%C3%B6m%C3%BCrevleri&aqs=chrome.1.69i57j46l3j0j69i61l2j69i60.3168j0j7&sourceid=chrome&ie=UTF-8,Bilinmiyor / özel kod,gws,,200,
Pepuza Dental | Atakum Diş Kliniği,"Mimarsinan, Atatürk Bl. No:264 Kat:2, 55200 Atakum/Samsun, Türkiye",Atakum,https://www.pepuzadental.com/,Bilinmiyor / özel kod,LiteSpeed,,200,
Diş Hekimi Dr.H.Emre Harbalıoğlu,"Mimarsinan, 144. Sk. Albayrak Apt No:33 A Blok Kat:1 Daire:3, 55200 Atakum/Samsun, Türkiye",Atakum,http://www.harbalioglu.com/,WordPress,,,200,
NEVADENT ORAL AND DENTAL HEALTH CENTER,"19 Mayıs, Cumhuriyet Cd. No:42, 55030 İlkadım/Samsun, Türkiye",İlkadım,http://www.nevadent.com.tr/,,,,,"HTTPSConnectionPool(host='nevadent.com.tr', port=443): Max retries exceeded with url: / (Caused by SSLError(SSLCertVerificationError(1, '[SSL: CERTIFICATE_VERIFY_FAILED] certificate verify failed: certificate has expired (_ssl.c:1129)')))"
Özel Harbalioğlu Ağız Ve Diş Sağlığı Polikliniği (Atakum/Samsun),"Mimarsinan, 144. Sk. Albayrak Apt No:33 A Blok Kat:1, 55200 Atakum/Samsun, Türkiye",Atakum,http://www.harbalioglu.com/,WordPress,,,200,
Dr.Erhan Pallı Diş Kliniği,"Mimarsinan, Atatürk Bl. No:229 D:233, 55200 Atakum/Samsun, Türkiye",Atakum,http://www.samsunestetikdishekimi.com/,Vue.js,hcdn,HostingerWebsiteBuilder,200,
Diş Hekimi Tuğçe Arı,"Mimarsinan, Atatürk Bl. No:264, 55200 Atakum/Samsun, Türkiye",Atakum,https://www.doktorsitesi.com/dt-tugce-ari/dis-hekimi/samsun,Next.js,cloudflare,,200,
Dr. Veysel Balkaya,"Istiklal cad, Çiftlik Cd. No:2 D:6, 55060 İlkadım/Samsun, Türkiye",İlkadım,,Website yok,,,,
Diş Hekimi Hüseyin Savaş,"Yenimahalle, Atakent Blv. 91/3, 55200 Atakum/Samsun, Türkiye",Atakum,https://holydent.com/,WordPress,LiteSpeed,,200,
Atakum Ağız ve Diş Sağlığı Merkezi,"Mimarsinan, 178. Sk., 55200 Atakum/Samsun, Türkiye",Atakum,"https://samsun.saglik.gov.tr/TR,154935/atakum-agiz-ve-dis-sagligi-merkezi.html",ASP.NET,,,200,
Dr.Dt. Vadim Atabay Diş Kliniği,"Cumhuriyet, Alparslan Blv. No:30/6, 55200 Atakum/Samsun, Türkiye",Atakum,https://www.vadimatabay.com/,,,,,"HTTPSConnectionPool(host='www.vadimatabay.com', port=443): Max retries exceeded with url: / (Caused by SSLError(SSLCertVerificationError(1, '[SSL: CERTIFICATE_VERIFY_FAILED] certificate verify failed: certificate has expired (_ssl.c:1129)')))"
Periodontoloji,"Cumhuriyet, Adnan Menderes Blv. No.327, 55200 Atakum/Samsun, Türkiye",Atakum,,Website yok,,,,
Diş Eti Hastalıkları ve Cerrahisi Uzmanı Sude Yıldırım Bolat / Periodontoloji /İmplantoloji,"Lotus Evleri, Mimarsinan, Atatürk Bl. No:257/A Zemin Kat, 55200, Mimarsinan, 55000 Atakum/Samsun, Türkiye",Atakum,https://www.samsundentalprime.com/,Bilinmiyor / özel kod,cloudflare,,200,
DT. GÖKÇE DEMİRTAŞ,"Cumhuriyet, İsmet İnönü Blv. No:210 D:5, 55200 Atakum/Samsun, Türkiye",Atakum,,Website yok,,,,
Uzm. Dt. Çağla Gül Gürkan,"Mimar Sinan mah. 160. sok. Köksal iş mrk, Mimarsinan, D:26/3, 55000 Atakum/Samsun, Türkiye",Atakum,https://www.doktortakvimi.com/cagla-gul-gurkan/dis-hekimi-periodontoloji/samsun?utm_source=google&utm_medium=gmb&utm_campaign=192754&utm_content=url_appointment,Bilinmiyor / özel kod,nginx,,200,
Dr. Dt. Filiz Kolbakır,"Körfez, Sk No:21 Kat1 No:10, 55270 Atakum/Samsun, Türkiye",Atakum,http://filizkolbakir.com/,WordPress,LiteSpeed,PHP/8.1.34,200,
Samsun Ağız Ve Diş Sağlığı Polikliniği,"Kadıköy, 100. Yıl Blv., 55040 İlkadım/Samsun, Türkiye",İlkadım,,Website yok,,,,
Atakum Diş Hekimi Doç. Dr. İsmail Hakkı UZUN (PROTETİK DİŞ TEDAVİSİ UZMANI),"Cumhuriyet Mahallesi Alparslan Bulvarı Sungur Apt, Cumhuriyet, No:32/9, 55200 Atakum/Samsun, Türkiye",Atakum,,Website yok,,,,
canik ağız ve diş sağlığı merkezi,"Kuzey Yıldızı, Fas sokak numara 8 kat 2, 55080 Canik/Samsun, Türkiye",Canik,https://samsunadsh.saglik.gov.tr/,ASP.NET,,,200,
"Uzm. Dt. Kazım Delice, Endodonti","Kılıçdede, Kastamonu Sk. Borkonut Center no:6/11, 55000 İlkadım/Samsun, Türkiye",İlkadım,https://www.doktortakvimi.com/kazim-delice/endodonti-dis-hekimi/corum?utm_source=google&utm_medium=gmb&utm_campaign=265123&utm_content=website,Bilinmiyor / özel kod,nginx,,200,
Dr. Tuncay Seven,"Ulugazi, İstiklal Cd. No:24 D:3, 55060 İlkadım/Samsun, Türkiye",İlkadım,,Website yok,,,,
DentSamsun,"çiçek apt, Saitbey, 100. Yıl Blv. No:91, 55030 İlkadım/Samsun, Türkiye",İlkadım,http://www.dentsamsun.com/,,,,,"HTTPSConnectionPool(host='www.dentsamsun.com', port=443): Max retries exceeded with url: / (Caused by SSLError(SSLError(1, '[SSL: TLSV1_ALERT_PROTOCOL_VERSION] tlsv1 alert protocol version (_ssl.c:1129)')))"
Uz Dr Dt Buğra Güler (Kanal Tedavisi Uzmanı),"Mimarsinan, Atatürk Bl. No:266A, 55200 Atakum/Samsun, Türkiye",Atakum,https://gulerdent.com.tr/,"React, WordPress",cloudflare,PHP/7.4.33,200,
Prof Dr İbrahim Duran,"Mimarsinan, Atatürk Bl. Riva İş merkezi 260 /2, 55200 Atakum/Samsun, Türkiye",Atakum,https://www.dribrahimdurandentalclinic.com/,Bilinmiyor / özel kod,LiteSpeed,PHP/7.4.33,200,
Çiçek Ağız ve Diş Sağlığı Polikliniği,"Cumhuriyet, 76. Sk. No:5/A, 55200 Atakum/Samsun, Türkiye",Atakum,https://www.cicekdispoliklinigi.com/,WordPress,LiteSpeed,PHP/7.4.33,200,
Uzm. Dt. S.Elif Böke clinic Balkaya,"Lotus Evleri, Mimarsinan, Atatürk Bl. No:257 iç kapı:13, 55000 Atakum/Samsun, Türkiye",Atakum,https://www.doktortakvimi.com/s-elif-boke/dis-hekimi-endodonti/samsun?utm_source=google&utm_medium=gmb&utm_campaign=262969&utm_content=url_appointment,Bilinmiyor / özel kod,nginx,,200,
"Uzm. Dt. Elif Ece Aydın, Protetik Diş Tedavisi","Kılıçdede Mah. Kastamonu Sk. Borkonut Center Yeni Adliye Arkası, Kılıçdede, No: 6/11, 55060 İlkadım/Samsun, Türkiye",İlkadım,https://www.doktortakvimi.com/elif-ece-aydin/protetik-dis-tedavisi-dis-hekimi/samsun?utm_source=google&utm_medium=gmb&utm_campaign=268473&utm_content=website,Bilinmiyor / özel kod,nginx,,200,
Samsun Estetik Diş Hekimi Fadime Sarı,"Karadeniz, Mescizade Sk. MÜHENDİSLER APT 34/6 KAT:2 DAİRE:6, 55020 İlkadım/Samsun, Türkiye",İlkadım,https://www.fadimesari.com.tr/,WordPress,LiteSpeed,PHP/7.4.33,200,
Diş Hekimi Samet ÖZER,"Barış Apartmanı, Zafer, Dr. Kamil Cd. No:41 D:16 2.kat, 55060 İlkadım/Samsun, Türkiye",İlkadım,https://www.instagram.com/dt.sametozer/,Bilinmiyor / özel kod,,,200,
Diş Hekimi Aslı Tuana ÖZDEMİR Muayenehanesi,"Mimarsinan, 178. Sk. 19G, 55200 Atakum/Samsun, Türkiye",Atakum,,Website yok,,,,
RivaDent İlkadım Ağız ve Diş Sağlığı Polikliniği,"Faktör Ofis, Hançerli, 608. Sok No. 5/9, 55070 İlkadım/Samsun, Türkiye",İlkadım,https://rivadent.com.tr/poliklinikler/rivadent-ilkadim,Bilinmiyor / özel kod,LiteSpeed,PHP/7.4.33,200,
Atakum Diş Hekimi Pınar İhtiyar,"Cumhuriyet, Alparslan Blv. No:10 Daire:3, 55200 Atakum/Samsun, Türkiye",Atakum,https://www.dishekimipinarihtiyar.com/,,,,,"HTTPSConnectionPool(host='www.dishekimipinarihtiyar.com', port=443): Max retries exceeded with url: / (Caused by NameResolutionError(""HTTPSConnection(host='www.dishekimipinarihtiyar.com', port=443): Failed to resolve 'www.dishekimipinarihtiyar.com' ([Errno 8] nodename nor servname provided, or not known)""))"
DENTSAM AĞIZ VE DİŞ SAĞLIĞI POLİKLİNİĞİ,"Kılıçdede, İstiklal Cd. no:199 55060, 55060 İlkadım/Samsun, Türkiye",İlkadım,https://dentsam.com.tr/,Bilinmiyor / özel kod,cloudflare,,200,
Diş Hekimi Nazan Can,"Zafer, Gazi Cd. No:122 D:5 Kat:1, 55060 İlkadım/Samsun, Türkiye",İlkadım,https://gazidentalclinic.com/,WordPress,LiteSpeed,,200,
Kuzey Gökdelen - Samsun Diş Polikliniği,"Beypınar, Recep Tayyip Erdoğan Bulvarı No:188/A, 55060 Atakum/Samsun, Türkiye",Atakum,,Website yok,,,,
Dr's Dental Clinic,"Cumhuriyet, Adnan Menderes Blv. No:327, 55200 Atakum/Samsun, Türkiye",Atakum,,Website yok,,,,
"Prof. Dr. Murat Kurt, Protetik Diş Tedavisi","Adnan Menderes, 3. Kısım Bulvarı No: 219/A, 55270 Atakum/Samsun, Türkiye",Atakum,https://www.doktortakvimi.com/murat-kurt/protetik-dis-tedavisi-dis-hekimi/samsun?utm_source=google&utm_medium=gmb&utm_campaign=129532&utm_content=website,Bilinmiyor / özel kod,nginx,,200,
DT. GÖKÇE DEMİRTAŞ,"Cumhuriyet, İsmet İnönü Blv. No:210 D:5, 55200 Atakum/Samsun, Türkiye",Atakum,,Website yok,,,,
ATAKUM BOYASIZ GÖÇÜK ONARIM VE UYGULAMA MERKEZİ,"Atakent, 3417. Cd. no:45 B, 55020 Atakum/Samsun, Türkiye",Atakum,,Website yok,,,,
Bilim Diş Kliniği 56'lar,"Bahçelievler, İstiklal Cd. kazım kara apartmanı no:190, iç kapı no: 7, 55070 İlkadım/Samsun, Türkiye",İlkadım,,Website yok,,,,
Op. Dr. Oğuzhan Aydoğdu - Estetik ve Plastik Cerrah,"Atatürk Bulvarı 3. Kısım No: 43, Platin Ofis, Yenimahalle, Kat: 5, 55270 Atakum/Samsun, Türkiye",Atakum,https://oguzhanaydogdu.com.tr/,Bilinmiyor / özel kod,,,200,
"Diş Hekimi Cem Harbalioğlu, Atakum","Mimarsinan, 144. Sk. Albayrak apt A blok No:33/3, 55200 Atakum/Samsun, Türkiye",Atakum,http://www.harbalioglu.com/,WordPress,,,200,
"Dr. Dt. Ersan Çiçek, Diş Hekimi","Cumhuriyet, 76. Sk. No:5/A, 55200 Atakum/Samsun, Türkiye",Atakum,https://www.doktortakvimi.com/ersan-cicek/dis-hekimi-endodonti/samsun?utm_source=google&utm_medium=gmb&utm_campaign=175498&utm_content=website,Bilinmiyor / özel kod,nginx,,200,
Diş Hekimi Berk Kaan Budak,"Pazar, Necati Efendi Sk. no:42 kat:1 içkapı no:7, 55020 İlkadım/Samsun, Türkiye",İlkadım,,Website yok,,,,
Diş Hekimi Can Yavuz,"Esenevler, İsmet İnönü Blv. No:60, 55200 Atakum/Samsun, Türkiye",Atakum,https://www.dt-canyavuz.com/,WordPress,nginx,,200,
Özel dentsamsun ağız ve diş sağlığı polikliniği,"Saitbey, 100. Yıl Blv. No:91, 55030 İlkadım/Samsun, Türkiye",İlkadım,,Website yok,,,,
Samsun Çocuk Diş Doktoru,"Cumhuriyet, Alparslan Blv. Sungur Apt No: 32 Kat: 1 Daire: 3 B, 55200 Atakum/Samsun, Türkiye",Atakum,https://www.samsuncocukdisdoktoru.com.tr/,WordPress,LiteSpeed,,200,
Uz. Dr. Melis Kalkavan Erdoğan Muayenehanesi,"Şahin Apartmanı, İstasyon, İstiklal Cd. No:159/10 Kat:1, 55060 İlkadım/Samsun, Türkiye",İlkadım,http://www.drmeliskalkavan.com/,,,,,"HTTPConnectionPool(host='www.drmeliskalkavan.com', port=80): Max retries exceeded with url: / (Caused by NameResolutionError(""HTTPConnection(host='www.drmeliskalkavan.com', port=80): Failed to resolve 'www.drmeliskalkavan.com' ([Errno 8] nodename nor servname provided, or not known)""))"
Dr. Dt. Şükrü Özçelik,"Kılıçdede no, Kılıçdede, İstiklal Cd. No:199, 55060 İlkadım/Samsun, Türkiye",İlkadım,https://www.doktortakvimi.com/sukru-ozcelik/dis-hekimi-cocuk-dis-hekimligi-pedodonti/samsun?utm_source=google&utm_medium=gmb&utm_campaign=143996,Bilinmiyor / özel kod,nginx,,200,
Karadeniz Ağız ve Diş Sağlığı Kliniği - Samsun İlkadım Şube,"Ulugazi, İstiklal Cd. No:32/3 İç kapı No:3, 55000 İlkadım/Samsun, Türkiye",İlkadım,https://www.karadenizdis.com/,,,,,"HTTPSConnectionPool(host='www.karadenizdis.com', port=443): Max retries exceeded with url: / (Caused by SSLError(SSLCertVerificationError(1, '[SSL: CERTIFICATE_VERIFY_FAILED] certificate verify failed: unable to get local issuer certificate (_ssl.c:1129)')))"
Diş Hekimi Mert Çobanoğlu,"Kale, 19 Mayıs Blv. No: 31, 55030 İlkadım/Samsun, Türkiye",İlkadım,https://dtmertcobanoglu.com/,WordPress,LiteSpeed,PHP/8.1.34,200,
Dr. Dt. Nazlı Ulutürk - İmplant Samsun,"Bahçelievler, İstiklal Cd. No:192, 55070, 55070 İlkadım/Samsun, Türkiye",İlkadım,,Website yok,,,,
Uzm. Dt. Seren Beykoz,"Mimarsinan, Mustafa Kemal Blv. Petek Apt No: 31, 55055 Atakum/Samsun, Türkiye",Atakum,https://www.doktortakvimi.com/seren-beykoz/endodonti/samsun?utm_source=google&utm_medium=gmb&utm_campaign=286392&utm_content=post_book_now,Bilinmiyor / özel kod,nginx,,200,
Kuzey Diş Polikliniği,"Kuzey diş polikliniği, Construction Borkonut, Kılıçdede, Kastamonu Sk. No:6/11, 55060 İlkadım/Samsun, Türkiye",İlkadım,,Website yok,,,,
Elit Estetik Ağız Ve Diş Sağlığı,"Bahçelievler Mahallesi, İstiklal Cd. Konyalı Apt. No:160, D:10 Kat.1, Bahçelievler, 55070 İlkadım/Samsun, Türkiye",İlkadım,,Website yok,,,,
Diş Hekimi Samsun,"Derindere Apt, Bahçelievler, Kazım Karabekir Cd. No:22 D:1, 55070 İlkadım/Samsun, Türkiye",İlkadım,,Website yok,,,,
Samsun İlkadım Diş Hekimi Aslıhan Rasulzade,"Bahçelievler, İstiklal Cd. No:160 K:1 D:10, 55000 İlkadım/Samsun, Türkiye",İlkadım,https://www.doktorsitesi.com/aslihan-rasulzade/dis-hekimi/samsun,Next.js,cloudflare,,200,
DENT 1919 AĞIZ VE DİŞ SAĞLIĞI POLİKLİNİĞİ,"Hasköy, Sarıpınar Sk., 55100 Canik/Samsun, Türkiye",Canik,,Website yok,,,,
Op. Dr. Emre Kıymık - Samsun Estetik,"Güzelyalı, 3059. Sk. No:4 Kat:1 Daire:1, 55270 Atakum/Samsun, Türkiye",Atakum,https://www.emrekiymik.com/,WordPress,,,200,
DENT 1919 AĞIZ VE DİŞ SAĞLIĞI POLİKLİNİĞİ,"Hasköy, Yeşilkent Sk. No:35, 55080 Canik/Samsun, Türkiye",Canik,,Website yok,,,,
Diş Hekimi Dr. Selçuk Karahan Ortodonti Uzmanı,"Kale, 19 Mayıs Blv. no: 31 D:3, 55030 İlkadım/Samsun, Türkiye",İlkadım,,Website yok,,,,
Diş Hekimi Gürcan Topuz,"İstiklal, Alparslan Blv. No:66, 55200 Atakum/Samsun, Türkiye",Atakum,,Website yok,,,,
Erdem Dis Medikal,"Kale, Gazi Cd. Mecidiye Pasajı No:64 D:2, 55060 İlkadım/Samsun, Türkiye",İlkadım,,Website yok,,,,
Diş Hekimi Canberk USLU,"hitit apartmanı, Çiftlik, Lise Cd. no:32/1, 55006 İlkadım/Samsun, Türkiye",İlkadım,http://www.canberkuslu.com/,Bilinmiyor / özel kod,nginx,,200,
dentmini,"Mimarsinan, 144. Sk. 33-35, 55200 Atakum/Samsun, Türkiye",Atakum,http://www.sezinsezginozer.com/,WordPress,LiteSpeed,PHP/8.3.31,200,
Diş Hekimi Mahmut Kaya Samsun,"Zeytinlik, Ruşen Sk. No:36, 55040 İlkadım/Samsun, Türkiye",İlkadım,http://hekimmahmutkaya.com/,Squarespace,Squarespace,,404,
Karadeniz Ağız ve Diş Sağlığı Polikliniği - Samsun Tekkeköy Şube,"Kurtuluş, Baki Esen Cd no:53/B, 55300 Tekkeköy/Samsun, Türkiye",Tekkeköy,http://www.karadenizdis.com/,Bilinmiyor / özel kod,,,404,
Diş Hekimi S. Tunahan Bostan (GAZİ DENTAL CLINIC),"Zafer, Gazi Cd. No:122 D:5 Kat:1, 55060 İlkadım/Samsun, Türkiye",İlkadım,https://gazidentalclinic.com/,WordPress,LiteSpeed,,200,
Ekinci Cam Alüminyum Sanayi,"Şehit Uzman Çavuş, 19 Mayıs, Şht. Nejat Yaman Cd. No:31 D:H, 55300 Tekkeköy/Samsun, Türkiye",Tekkeköy,,Website yok,,,,
Kalender Yapi,"Çakırlar Yalı, Samsun Cad. No:37, 55270 Tekkeköy/Samsun, Türkiye",Tekkeköy,,Website yok,,,,
Medisam Samsun,"Adalet, Akboğa Sk. No:21 İç Kapı No:1, 55060 İlkadım/Samsun, Türkiye",İlkadım,https://medisamlife.com.tr/,Laravel,LiteSpeed,,200,
Diş Hekimi Dr. Ayberk Kara,"Kılıçdede, Ülkem Sk. 8B D:32, 55060 İlkadım/Samsun, Türkiye",İlkadım,https://ayberkara.com/,Next.js,cloudflare,Next.js,200,
Ağız Ve Diş Sağlığı Hastanesi Tekkeköy Polikliniği,"Hürriyet, Samsun Blv. No:102, 55320 Tekkeköy/Samsun, Türkiye",Tekkeköy,https://samsunadsh.saglik.gov.tr/,ASP.NET,,,200,
Diş Hekimi Mehmet Levent Şükür,"Fevzi Çakmak, Lise Cd. no88, 55002 İlkadım/Samsun, Türkiye",İlkadım,,Website yok,,,,
Dentsam Tekkeköy Ağız ve Diş Sağlığı Polikliniği,"Kurtuluş, Baki Esen Cd No:56/1, 55000 Tekkeköy/Samsun, Türkiye",Tekkeköy,http://dentsam.com.tr/,Bilinmiyor / özel kod,cloudflare,,200,
KALENDER YAPI,"19 Mayıs, 3107 sokak no:1/1, 55300 Tekkeköy/Samsun, Türkiye",Tekkeköy,http://www.kalenderyapi.com.tr/,WordPress,LiteSpeed,PHP/7.4.33,200,
Pier Dental Clinic Ağız ve Diş Sağlığı,"İskele Evleri, Cumhuriyet Mah. Adnan Menderes Bulvarı, Ömürevleri, Cumhuriyet, 6. Sk. No:7/4, 55200 Atakum/Samsun, Türkiye",Atakum,,Website yok,,,,
Dr. Teoman Guclu,"Karadeniz Mah. Mescisade sok Mühendisler Apt. No:34 K:3, Karadeniz, 55090 İlkadım/Samsun, Türkiye",İlkadım,,Website yok,,,,
Diş Hekimi Necati Ünyeli,"Cumhuriyet, Barbaros Sk No:1, 55000 19 Mayıs/Samsun, Türkiye",19 Mayıs,,Website yok,,,,
Diş Hekimi Hatice Gökdağ İner,"Büyükkolpınar, Alaçam Cd. No:133, 55200 Atakum/Samsun, Türkiye",Atakum,,Website yok,,,,
Diş hekimi muayenehanesi çağrı Kutay Topçam,"19 Mayıs, Gazi Cd. No:9 apartmanı No91, 55100 İlkadım/Samsun, Türkiye",İlkadım,,Website yok,,,,
"Dt. Ataben Efe Çelik, Diş Hekimi","VM Medical Park Samsun Hastanesi Ağız ve Diş Sağlığı Polikliniği, Mimarsinan, Alparslan Blv. No:17, 55200 Atakum/Samsun, Türkiye",Atakum,,Website yok,,,,
Dr. Ali Ekrem Dogan,"Ballıca, Atatürk Bulv. Bahadır İş Hanı No:143, 55420 Ondokuzmayıs (Ballıca)/Samsun, Türkiye",Ondokuzmayıs (Ballıca),,Website yok,,,,
Uzm. Dt. Can Topkara,"Kılıçdede, Kastamonu Sk. No:6/11, 55060 İlkadım/Samsun, Türkiye",İlkadım,https://www.doktortakvimi.com/can-topkara/endodonti-dis-hekimi/samsun,Bilinmiyor / özel kod,nginx,,200,
Alumet Alüminyum İç ve Dış Ticaret Sanayi Limited Şirketi,"Şabanoğlu OSB, Kızılırmak Sk. No: 7, 55300 Tekkeköy/Samsun, Türkiye",Tekkeköy,http://www.alumet.net/,Bilinmiyor / özel kod,LiteSpeed,PHP/7.3.33,200,
ATASAM TIP MERKEZİ,"Atakent, Atakent Blv. No:86, 55270 Atakum/Samsun, Türkiye",Atakum,http://www.atasamgrup.com/,Bilinmiyor / özel kod,cloudflare,,200,
Şahsene Aydemir,"Ulugazi, 19 Mayıs Blv. No:28 Kat:2 Daire:6, 55030 İlkadım/Samsun, Türkiye",İlkadım,https://www.doktorsitesi.com/uzm-dt-sahsene-aydemir/ortodonti/samsun,Next.js,cloudflare,,200,
Bafra Ağız ve Diş Sağlığı Hastanesi,"İshaklı, Molla Osman Sk. No:41, 55400 Bafra/Samsun, Türkiye",Bafra,https://www.bafraadsm.saglik.gov.tr/,,,,,"HTTPSConnectionPool(host='www.bafraadsm.saglik.gov.tr', port=443): Max retries exceeded with url: / (Caused by NameResolutionError(""HTTPSConnection(host='www.bafraadsm.saglik.gov.tr', port=443): Failed to resolve 'www.bafraadsm.saglik.gov.tr' ([Errno 8] nodename nor servname provided, or not known)""))"
diş kliniği,"Hürriyet, Alp Gündem Sk. atalay apartmanı no:2 iç kapı no:8, 55030 İlkadım/Samsun, Türkiye",İlkadım,https://www.instagram.com/eta.dental?igsh=MjZmd3ZycTBzYndt&utm_source=qr,Bilinmiyor / özel kod,,,200,
Dent 362 Diş Polikliniği,"Cumhuriyet, 6. Sk. NO:7, 55020 Atakum/Samsun, Türkiye",Atakum,http://www.dent362.com/,,,,,"HTTPConnectionPool(host='www.dent362.com', port=80): Max retries exceeded with url: / (Caused by NameResolutionError(""HTTPConnection(host='www.dent362.com', port=80): Failed to resolve 'www.dent362.com' ([Errno 8] nodename nor servname provided, or not known)""))"
HAKAN KULAKSIZ DİŞ HEKİMLİĞİ KLİNİĞİ,"Hacınabi, Hacı Ahmet Sk., 55400 Bafra/Samsun, Türkiye",Bafra,,Website yok,,,,
Dr. Serhan Gumrukcu,"Çarşı, Atatürk Bulv. 24/B, 55400 Bafra/Samsun, Türkiye",Bafra,,Website yok,,,,
Este Güzellik Atölyesi - Lazer Epilasyon & Cilt Bakımı,"19 Mayıs, Umut Sk. No:40/B, 55330 Tekkeköy/Samsun, Türkiye",Tekkeköy,http://instagram.com/esteguzellikatolyesitekkekoy,Bilinmiyor / özel kod,,,200,
Dişhekimi Ali Alemisoğlu,"Tabakhane, Hacı İzzet Ağa Sk. No:1, 55400 Bafra/Samsun, Türkiye",Bafra,,Website yok,,,,
Ersoy Dental Tıbbi Gereçler,"İlkadım Sanayi Bölgesi, İstiklal, 53. Sk. No:39, 55300 Tekkeköy/Samsun, Türkiye",Tekkeköy,https://www.ersoydental.com/,ASP.NET,Microsoft-IIS/10.0,ASP.NET,200,
Özel YENİ DENTAL diş protez laboratuvarı,"Kale, 144. Sk. No:55030 no 3, 55030 İlkadım/Samsun, Türkiye",İlkadım,,Website yok,,,,
Epident Ağız ve Diş Sağlığı Polikliniği,"İsmetpaşa, Hisar Sk. Royal Park Evleri No: 23, 55400 Bafra/Samsun, Türkiye",Bafra,https://www.epident.com.tr/,,,,,"HTTPSConnectionPool(host='www.epident.com.tr', port=443): Max retries exceeded with url: / (Caused by SSLError(SSLCertVerificationError(1, '[SSL: CERTIFICATE_VERIFY_FAILED] certificate verify failed: certificate has expired (_ssl.c:1129)')))"
19 Mayıs Tıbbi Sağlık Ürünleri (NucleOSS),"Atakent, 3115. Sk no:7/8, 55300 Atakum/Samsun, Türkiye",Atakum,http://www.19mayismedikal.com/,ASP.NET,nginx/1.22.1,ASP.NET,200,
Dr. Hasan Bayrakci,"Çarşı, Atatürk Bulv./kabaş Sok. Cennetlik Zade İş Hanı No:12, 55400 Bafra/Samsun, Türkiye",Bafra,http://www.hasanbayrakci.com.tr/hakkimizda.html,ASP.NET,Microsoft-IIS/10.0,ASP.NET,200,
Bafra Diş Hekimi Nuri Ecrin Bıçakcı,"Tabakhane, Tekel Cd. No:1, 55400 Bafra/Samsun, Türkiye",Bafra,,Website yok,,,,
Diş Hekimi onur ışık,"Tabakhane, Güven Sk no:12/1, 55400 Bafra/Samsun, Türkiye",Bafra,,Website yok,,,,
Samsun 19 Mayıs İlçe Devlet Hastanesi,"Yukarıengiz, Hızar Değirmeni Cd. No:11, 55420 19 Mayıs/Samsun, Türkiye",19 Mayıs,"https://samsun.saglik.gov.tr/TR,48339/19-mayis-ilce-devlet-hastanesi.html",ASP.NET,,,200,
DIŞ KLINIGI,"19 mayis mh.istiklal cd.no:59 Armagan, 19 Mayıs, 55020 3ilkadim/Samsun, Türkiye",3ilkadim,,Website yok,,,,
Dr. Ufuk Birer,"Hikmet Amca Kırtasiye Karşısı, İsmetpaşa, Atatürk Blv. No:24 / B, 55400 Bafra/Samsun, Türkiye",Bafra,,Website yok,,,,
Uzm.Dt. Burak Sevinç Ortodonti Kliniği,"Hacınabi, Hacı Ahmet Sk. No:4 İç kapı:3, 55400 Bafra/Samsun, Türkiye",Bafra,https://www.bafraortodonti.com/,Bilinmiyor / özel kod,ESF,,200,
Bafra Diş Hekimi Emir Altındeğer,"Cumhuriyet, Cumhuriyet Cd. No:11, 55400 Bafra/Samsun, Türkiye",Bafra,,Website yok,,,,
Dt.Tamer GEVECİ & Dt. İ. Okan RAMOĞLU,"Altınyaprak, Gençlik Cd., 55400 Bafra/Samsun, Türkiye",Bafra,,Website yok,,,,
Diş Hekimi Sümeyra Saçlı,"Cumhuriyet, Cumhuriyet Cd. no:7, 55400 Bafra/Samsun, Türkiye",Bafra,,Website yok,,,,
Dr. Mustafa Taymaz,"Cumhuriyet Mah. No:7 K:1, Bafra Merkez, Bafra, Samsun, Kızılırmak, 55400 Bafra/Samsun, Türkiye",Bafra,,Website yok,,,,
Diş Hekimi Mustafa Biren,"Tütüncü apartmanı, Cumhuriyet, Cumhuriyet Cd. kat1, 55400 Bafra/Samsun, Türkiye",Bafra,,Website yok,,,,
Diş Hekimi Birol Özaydın,"Alparslan, Bafra Cd. No:157/2, 55800 Alaçam/Samsun, Türkiye",Alaçam,,Website yok,,,,
Diş Hekimi Muhammet Ali Pekşen - Diş Hekimi Rabia Feyza Arslan (MF DENTAL CLİNİC),"25 Mayıs, şehit jandarma kaşif arslan sokak no: 35/1, 55700 Havza/Samsun, Türkiye",Havza,,Website yok,,,,
Bafra Diş Hekimi Emir Altındeğer,"Cumhuriyet, Cumhuriyet Cd. No:11, 55400 Bafra/Samsun, Türkiye",Bafra,,Website yok,,,,
DİŞ HEKİMİ HACI HASAN KURT,"Sungurlu, 344. Sk. NO:7A, 55500 Çarşamba/Samsun, Türkiye",Çarşamba,,Website yok,,,,
Medibafra Hastanesi,"Altınyaprak, Hastane Sk. No:27, 55410 Bafra/Samsun, Türkiye",Bafra,http://medibafra.com.tr/,Bilinmiyor / özel kod,,,200,
Çarşamba Uzman Ağız ve Diş Sağlığı Polikliniği,"Sungurlu, Sungurlu Cd. No:14 D:C, 55500 Çarşamba/Samsun, Türkiye",Çarşamba,,Website yok,,,,
DİŞ HEKİMİ ELİF NUR BAŞ,"Sarıcalı Mahallesi Yunus Emre Caddesi No:17/2 Yıldızbaş, Sarıcalı, İşhanı Kat:2, 55500 Çarşamba/Samsun, Türkiye",Çarşamba,,Website yok,,,,
Diş Kliniği,"Sarıcalı, Prf. Ali Fuat Başgil Cd. 7-1, 55500 Çarşamba/Samsun, Türkiye",Çarşamba,,Website yok,,,,
Çarşamba Diş Kliniği Sümeyye Zeynep Besler,"Bellona karşısında, Sarıcalı, İstasyon Cd. 21/A, 55500 Çarşamba/Samsun, Türkiye",Çarşamba,,Website yok,,,,
Bafra State Hospital,"İshaklı, Bayrak Sk. No:14, 55400 Bafra/Samsun, Türkiye",Bafra,https://bafradh.saglik.gov.tr/,ASP.NET,,,200,
Özel Çarşamba Ağız ve Diş Sağlığı Polikliniği,"Sarıcalı, Musapaşa Sk. No:14/B, 55500 Çarşamba/Samsun, Türkiye",Çarşamba,,Website yok,,,,
Nobel Plus - Samsun Ağız ve Diş Sağlığı Polikliniği,"Küçükkolpınar, Şht. Alaaddin Pergel Cd. No: 25, 55200 Atakum/Samsun, Türkiye",Atakum,https://nobelplus.com.tr/,WordPress,,,200,
Diş Hekimi Hilal DUMAN TAŞDELEN,"Çarşımar yanı . 3. Noterden önce, Sungurlu, Gazi Cad 5/A, 55500 Çarşamba/Samsun, Türkiye",Çarşamba,https://carsambadis.com.tr/index.php/dt-hilal-duman-celebi/,,,,,"HTTPSConnectionPool(host='carsambadis.com.tr', port=443): Max retries exceeded with url: /index.php/dt-hilal-duman-celebi/ (Caused by NameResolutionError(""HTTPSConnection(host='carsambadis.com.tr', port=443): Failed to resolve 'carsambadis.com.tr' ([Errno 8] nodename nor servname provided, or not known)""))"
"Dt. Burhan Kaan Bafra, Diş Hekimi","Mimarsinan, Alparslan Blv. No:17, 55200 Atakum/Samsun, Türkiye",Atakum,https://www.doktortakvimi.com/burhan-kaan-bafra/dis-hekimi/samsun?utm_source=google&utm_medium=gmb&utm_campaign=246676&utm_content=website,Bilinmiyor / özel kod,nginx,,200,
Çarşambada diş doktoru | Diş Hekimi Şeyma Sarı Muayenehanesi,"Sarıcalı Mah Yunusemre Cad Zübeyde Hanım Meydanı No:1 Kat:1, Sarıcalı, 55500 Çarşamba/Samsun, Türkiye",Çarşamba,,Website yok,,,,
Çarşamba Ağız Ve Diş Sağlığı Merkezi,"Sarıcalı, Prf. Ali Fuat Başgil Cd. No:24, 55500 Çarşamba/Samsun, Türkiye",Çarşamba,,Website yok,,,,
Diş Hekimi Melisa TEKİN,"Sarıcalı, İstasyon Cd., 55500 Çarşamba/Samsun, Türkiye",Çarşamba,,Website yok,,,,
Özel Bade Ağız ve Diş Sağlığı Polikliniği,"Çay, Prf. Naci Şensoy Cd. No:37, 55500 Çarşamba/Samsun, Türkiye",Çarşamba,,Website yok,,,,
Diş Hekimi Neslihan Kaya Aydoğdu,"Dr. Ata Giritli Cd. No:2/1 Samsun, Orta, 55500 Çarşamba/Samsun, Türkiye",Çarşamba,,Website yok,,,,
Diş Hekimi Aslınur BAYAR ÇELEBİ,"Sungurlu Mah. Gazi Cad. 5/A , Çarşımar Yanı, Sungurlu, 55500 Çarşamba/Samsun, Türkiye",Çarşamba,http://www.carsambadis.com/,Bilinmiyor / özel kod,Apache,,200,
Dr. Salih Kuzgun,"Orta, Atatürk Bulv. Saray Apt. No:12 D:1, 55500 Çarşamba/Samsun, Türkiye",Çarşamba,http://www.salihkuzgun.com.tr/,Bilinmiyor / özel kod,Server,,200,
Diş Hekimi Serhan Çeviker,"Sarıcalı, Yunus Emre Cd. No:19 D:301, 55500 Çarşamba/Samsun, Türkiye",Çarşamba,,Website yok,,,,
Çarşamba Diş Hekimi Cihan Keskin,"Sarıcalı, Zübeyde Hanım Meydanı, 55500 Çarşamba/Samsun, Türkiye",Çarşamba,http://www.dtcihankeskin.com/,WordPress,LiteSpeed,PHP/8.1.34,200,
Özel Terme MERCAN Ağız ve Diş Sağlığı Polikliniği,"Fenk mahallesi Atatürk caddesi, Ziraat Bankası yanı, Fenk, Hamdi İmzalı Sk. no:4/A, 55600 Terme/Samsun, Türkiye",Terme,,Website yok,,,,
Dr.Dt. Murat Aydın,"Sarıcalı Mahallesi Yunus Emre Caddesi No:25/2 DEĞİRMENBAŞI ECZANESİ, Eski FİZOMER BİNASI, Sarıcalı, Üzeri, 55500 Çarşamba/Samsun, Türkiye",Çarşamba,https://www.doktortakvimi.com/murat-aydin-15/dis-hekimi/samsun?utm_source=google&utm_medium=gmb&utm_campaign=164296,Bilinmiyor / özel kod,nginx,,200,
Faculty of Dentistry,"Körfez, 19 Mayıs Ünv. No:45, 55270 Atakum/Samsun, Türkiye",Atakum,http://dis.omu.edu.tr/,Bilinmiyor / özel kod,Apache/2.4.52 (Ubuntu),,200,
Özel Zirve Tuna Ağız Ve Diş Sağlığı Polikliniği,"Fenk, Selçukiler Sokak No: 4/A, 55600 Terme/Samsun, Türkiye",Terme,,Website yok,,,,
Bilal Expres Yapı Malzemeleri Ticaret Toptan ve Perakende Satış,"Emirefendi, Öz Sk. NO:13/A, 55400 Bafra/Samsun, Türkiye",Bafra,https://www.bilalexpres.com/urunler,ASP.NET,cloudflare,Ticimax,200,
Diş Hekimi Fatih Günay,"İmamoğulları Plaza (Garanti Bankası üstü, Orta, Atatürk Cd No:2 Kat:3, 55500 Çarşamba/Samsun, Türkiye",Çarşamba,http://www.dtfatihgunay.com/,Bilinmiyor / özel kod,nginx,,200,
Terme Ağız Ve Diş Sağlığı Merkezi,"Fenk Mh. Hukumet Sk. Pk:55600 Terme/samsun, Fenk, 55600 Terme/Samsun, Türkiye",Terme,,Website yok,,,,
"Dt. Sefa Kılıç, Diş Hekimi","Sungurlu, Sungurlu Cd. No:14 C, 55500 Çarşamba/Samsun, Türkiye",Çarşamba,https://www.doktortakvimi.com/sefa-kilic-2/dis-hekimi/samsun?utm_source=google&utm_medium=gmb&utm_campaign=257477&utm_content=website,Bilinmiyor / özel kod,nginx,,200,
Terme Diş Kliniği Diş Hekimi Abdulhamit Taha Koca-Terme Diş Kliniği,"Fenk, Cumhuriyet Meydanı Çuha Sok Külahlı Apt Kat.1, 55600 Terme/Samsun, Türkiye",Terme,,Website yok,,,,
Diş Hekimi Dt. CANER AKBAŞ,"Fenk, Atatürk Cd. NO:1/1, 55600 Terme/Samsun, Türkiye",Terme,,Website yok,,,,
Diş Hekimi Umut TÖR,"Fenk, Konak Sk. NO:12/A, 55600 Terme/Samsun, Türkiye",Terme,,Website yok,,,,
Diş Hekimi Ayşenur Yüksel,"Fenk, Hukumet Sk. No:6/A, 55600 Terme/Samsun, Türkiye",Terme,,Website yok,,,,
Sevda Yıldırım Güzellik Salonu Çarşamba,"Çay, Hacı Yunuszade Ferhat Şensoy Sk No:7, 55500 Çarşamba/Samsun, Türkiye",Çarşamba,https://www.instagram.com/sevdayildirim_beauty_center/,Bilinmiyor / özel kod,,,200,
Güner Yapı,"Fenk, Elmalık Sk. No:15/C, 55600 Terme/Samsun, Türkiye",Terme,,Website yok,,,,
Dr. Engin Seyhan,"Fenk, Çarşamba Cd., 55600 Terme/Samsun, Türkiye",Terme,,Website yok,,,,
Hüsnenur Güney Diş Muayenehanesi,"Çay, DUMLUPINAR SK IRMAK APT NO: 74 A, 55600 Terme/Samsun, Türkiye",Terme,,Website yok,,,,
Dr. Can Seyhan,"Fenk, Çarşamba Cd., 55600 Terme/Samsun, Türkiye",Terme,,Website yok,,,,
Firstdent İmplant ve Estetik Diş Kliniği,"Adalet, Şht. Polis Serkan Yavuz Sk. No:27, 55060 İlkadım/Samsun, Türkiye",İlkadım,,Website yok,,,,
Diş Hekimi Özlem DANACI - Terme Diş Kliniği,"Fenk, Çarşamba Cd. 33/A, 55600 Terme/Samsun, Türkiye",Terme,https://www.instagram.com/dtozlemdanaci/,Bilinmiyor / özel kod,,,200,
Dişhekimi Deniz SAYGIN,"Cumhuriyet, 100. Sokak No:4 D:2, 55200 Atakum/Samsun, Türkiye",Atakum,,Website yok,,,,
Saklı Cennet Ayvacık,"Orhangazi, 55550 Ayvacık/Samsun, Türkiye",Ayvacık,,Website yok,,,,
Bacacı Diş Kliniği,"Gökçeli, Şehit Hüseyin Ataseven Cad No:10/A, 55530 Salıpazarı/Samsun, Türkiye",Salıpazarı,,Website yok,,,,
Dr. Sukru Karaca,"Bereket, Cumhuriyet Meydanı Belediye Binası, 55530 Salıpazarı/Samsun, Türkiye",Salıpazarı,,Website yok,,,,
SAMSUN İL SAĞLIK MÜDÜRLÜĞÜ AYVACIK MERKEZ AİLE SAĞLIĞI MERKEZİ,"Ortakapi Mah, Faikbey Cad No:12 |, 55550 Ayvacık/Samsun, Türkiye",Ayvacık,,Website yok,,,,
Ortodontist Dr. Demet Katar Sevilmiş,"Karadeniz Mah. Mescizade Sok. Mühendisler Apt, Karadeniz, Kat:4 34/11, 55000 İlkadım/Samsun, Türkiye",İlkadım,,Website yok,,,,
Terme Devlet Hastanesi,"Cumhuriyet, Kemer Sk. No:8, 55600 Terme/Samsun, Türkiye",Terme,https://termedh.saglik.gov.tr/,ASP.NET,,,200,
MEDİSAM Ağız ve Diş Sağlığı Polikliniği - Vezirköprü,"Cumhuriyet, 113. Sok No:7, 55900 Vezirköprü/Samsun, Türkiye",Vezirköprü,,Website yok,,,,
Ayvacik Aile Sagligi Merkezi,"Orhangazi, Molla Gürani Sok No:16, 55550 Ayvacık/Samsun, Türkiye",Ayvacık,,Website yok,,,,
VEZİRKÖPRÜ AĞIZ VE DİŞ SAĞLIĞI MERKEZİ,"Esentepe, Samsun Caddesi 116/1, 55900 Vezirköprü/Samsun, Türkiye",Vezirköprü,,Website yok,,,,
Vezirköprü Ağız Ve Diş Sağlığı,"Fazıl Ahmet Paşa, 121. Sk. No 7, 55900 Vezirköprü/Samsun, Türkiye",Vezirköprü,,Website yok,,,,
Diş hekimliği Ömer Çiftci,"Cumhuriyet, 504. Sk. no:14 D:4, 55900 Vezirköprü/Samsun, Türkiye",Vezirköprü,,Website yok,,,,
Ayvacik District State Hospital,"Eyüpsultan, Mustafa Güler Sk. No:5, 55550 Ayvacık/Samsun, Türkiye",Ayvacık,http://www.samsunayvacikdh.saglik.gov.tr/,,,,,"HTTPConnectionPool(host='www.samsunayvacikdh.saglik.gov.tr', port=80): Max retries exceeded with url: / (Caused by NameResolutionError(""HTTPConnection(host='www.samsunayvacikdh.saglik.gov.tr', port=80): Failed to resolve 'www.samsunayvacikdh.saglik.gov.tr' ([Errno 8] nodename nor servname provided, or not known)""))"
Çarşamba State Hospital,"Helvacalı, Kavakdibi Mevki, 55500 Çarşamba/Samsun, Türkiye",Çarşamba,https://carsambadh.saglik.gov.tr/,ASP.NET,,,200,
Diş Hekimi Ahmet Baştuğ,"Cumhuriyet, Gençlik Cd. No:95 D:1, 55900 Vezirköprü/Samsun, Türkiye",Vezirköprü,,Website yok,,,,
Dr. Haluk Akdin,"Yeni, Atatürk İş Merkezi No:111, 55900 Vezirköprü/Samsun, Türkiye",Vezirköprü,,Website yok,,,,
Dr. Fazli Kartal,"Yeni, Hacı Yusuf Sok. No:3, 55900 Vezirköprü/Samsun, Türkiye",Vezirköprü,,Website yok,,,,
Diş Hekimi Muhammet Ali Koç,"Cumhuriyet, 504. Sk. No:4, 55900 Vezirköprü/Samsun, Türkiye",Vezirköprü,,Website yok,,,,
Salıpazarı Devlet Hastanesi,"Yavaşbey, Salıpazarı Terme yolu, 55530 Salıpazarı/Samsun, Türkiye",Salıpazarı,https://salipazaridh.saglik.gov.tr/,ASP.NET,,,200,
Dr. Yusuf Ziya Akpinar,"Çayırbaşı, 100. Yıl Cd. Özdemir İş Merkezi D:5, 55900 Vezirköprü/Samsun, Türkiye",Vezirköprü,,Website yok,,,,
Samsun Özel AsyaDental çok amaçlı diş protez laboratuvarı,"Ulugazi, Canik Sk., 55000 İlkadım/Samsun, Türkiye",İlkadım,,Website yok,,,,
Diş Hekimi Murat BÜYÜKBAŞ,"25 Mayıs Mah. Şehit Jandarma, Er Recep, 25 Mayıs, Kocatepe Sk. no:1 /16, 55700 Havza/Samsun, Türkiye",Havza,,Website yok,,,,
Medical Esthetic Clinic,"Atakent, 3149. Sk. No:17 Kat:1 Daire:1, 55210 Atakum/Samsun, Türkiye",Atakum,https://nihalergen.com/dr-nihal-ergen/,"React, WordPress",hcdn,PHP/8.1.34,404,
ÖZEL DENTAL55 ÇOK AMAÇLI DİŞ PROTEZ LABORATUVARI,"Ulugazi, Bağdat Cd. NO :51, 55030 İlkadım/Samsun, Türkiye",İlkadım,http://www.i̇nstagramwww.ferhatakardisteknisyeni.com/,,,,,"HTTPConnectionPool(host='www.xn--instagramwww-m4g.ferhatakardisteknisyeni.com', port=80): Max retries exceeded with url: / (Caused by NameResolutionError(""HTTPConnection(host='www.xn--instagramwww-m4g.ferhatakardisteknisyeni.com', port=80): Failed to resolve 'www.xn--instagramwww-m4g.ferhatakardisteknisyeni.com' ([Errno 8] nodename nor servname provided, or not known)""))"
DİŞ HEKİMİ RASİM CİVELEK,"25 Mayıs, Kazım Paşa Cd. No:34/2, 55700 Havza/Samsun, Türkiye",Havza,,Website yok,,,,
Dr. Süleyman Keski,"25 Mayıs, 55000 Havza/Samsun, Türkiye",Havza,,Website yok,,,,
DENT-IL AĞIZ VE DİŞ SAĞLIĞI POLİKLİNİĞİ,"25 Mayıs, Sebzeciler Sk. NO:14/9, 55700 Havza/Samsun, Türkiye",Havza,,Website yok,,,,
Dr. Seyit Ahmet Kilic,"İcadiye, Mehmetçik Meydanı Sk. No:21 D:3, 55700 Havza/Samsun, Türkiye",Havza,,Website yok,,,,
Oto Lastik,"Üniversite, 55700 Havza/Samsun, Türkiye",Havza,,Website yok,,,,
Diş Hekimi Resul YÜKSEK,"İnceler Apartmanı, Atatürk, Gençlik Cd. No:54 D:2, 55900 Vezirköprü/Samsun, Türkiye",Vezirköprü,https://www.facebook.com/dishekimiresulyuksek,Bilinmiyor / özel kod,,,200,
Diş Hekimi Seher Tüfekçi,"Şafak apartmanı, Cumhuriyet, Alparslan Blv. no:24/4, 55200 Atakum/Samsun, Türkiye",Atakum,http://www.dtsehertufekci.com.tr/,,,,,"HTTPConnectionPool(host='www.dtsehertufekci.com.tr', port=80): Max retries exceeded with url: / (Caused by NameResolutionError(""HTTPConnection(host='www.dtsehertufekci.com.tr', port=80): Failed to resolve 'www.dtsehertufekci.com.tr' ([Errno 8] nodename nor servname provided, or not known)""))"
Havza Petlas bayii özdil ticaret,"İnönü, İnönü Cd. No:7, 55700 Havza/Samsun, Türkiye",Havza,,Website yok,,,,
Gozde Oto Lastik Kaplama,"Şabanoğlu Ray Caddesi, 19 mayıs, sanayii sitesi No:87, 55330 Tekkeköy/Samsun, Türkiye",Tekkeköy,,Website yok,,,,
Vezirköprü State Hospital,"Esentepe Mah. Samancılar mevkii, Esentepe, 55900 Vezirköprü/Samsun, Türkiye",Vezirköprü,https://vezirkoprudh.saglik.gov.tr/,ASP.NET,,,200,
Toplum Sagligi Merkezi,"Sanayi, Gaziler Cd. No:72, 55760 Ladik/Samsun, Türkiye",Ladik,,Website yok,,,,
Dt. Necip Aytaç,"Körfez, Atatürk 5.Kısım Bulvarı No:120/5 Kat:4, 55200 Atakum/Samsun, Türkiye",Atakum,https://www.doktorsitesi.com/necip-aytac/dis-hekimi/samsun,Next.js,cloudflare,,200,
Ladik Aile Sağlığı Merkez,"Bahşi, 55760 Ladik/Samsun, Türkiye",Ladik,,Website yok,,,,
PETLAS-Özdil Ticaret,"İNÖNÜ MAH. İNÖNÜ BUL, İnönü, Cihangir Sk. NO:23, 55702 Havza/Samsun, Türkiye",Havza,https://www.petlas.com.tr/,Bilinmiyor / özel kod,cloudflare,,403,
DENTSAM AGİZ VE DİŞ SAGLİGİ POLİKLİNİGİ KAVAK SUBESİ,"19 Mayıs, Adnan Menderes Cd. No:97, 55850 Kavak/Samsun, Türkiye",Kavak,,Website yok,,,,
Özel Kavak Ağız ve Diş Sağlığı Kliniği,"Soğuksu, 217. Sokak No.2/10, 55850 Kavak/Samsun, Türkiye",Kavak,,Website yok,,,,
Atakum Çelik Rötuş,"İstiklal, 912. Sk. No:24/B, 55200 Atakum/Samsun, Türkiye",Atakum,https://www.instagram.com/atakumcelikrotus?igsh=MXd6YTA3cHhxY2N3bA==,Bilinmiyor / özel kod,,,200,
Esentepe Oto Lastik İşletmesi,"Çay, Çevreyolu Sk No:23/1, 55700 Havza/Samsun, Türkiye",Havza,https://www.facebook.com/EsentepeLastikOteli,Bilinmiyor / özel kod,,,200,
DİŞ HEKİMİ MELİKE ŞİRİKÇİ,"Derebahçe, Çatalzeytin Sk. No:17, 55060 İlkadım/Samsun, Türkiye",İlkadım,,Website yok,,,,
Samsun Havza Devlet Hastanesi,"19 Mayıs, Sefa Sk. No:25, 55700 Havza/Samsun, Türkiye",Havza,https://havzadh.saglik.gov.tr/,ASP.NET,,,200,
19 MAYIS ÜNİVERSİTESİ HAVZA FİZİK TEDAVİ VE REHABİLİTASYON MERKEZİ,"İmaret, Kanuni Sultan Süleyman Sk. No:12, 55700 Havza/Samsun, Türkiye",Havza,https://hastane.omu.edu.tr/tr/alt-sayfalar/havza-fizik-tedavi-merkezi,Bilinmiyor / özel kod,Apache/2.4.6,,404,
Ortodonti Uzmanı Dr.Canan Yerlikaya,"Yenimahalle, 3071. Sk. No:2, 55270 Atakum/Samsun, Türkiye",Atakum,,Website yok,,,,
DİŞ HEKİMİ İREM KARAKUŞ,"Atakent, Ali Gaffar Okkan Cd. No:55270, 55200 Atakum/Samsun, Türkiye",Atakum,,Website yok,,,,
Samsun Diş Hastanesi,"Çeşme, Şht. Kadir Kara Sk. No:1, 55800 Alaçam/Samsun, Türkiye",Alaçam,,Website yok,,,,
Dilek Diş Medikal Malzemeleri San.Tic.Ltd.Şti,"Kale, İstiklal Cd. No:9, 55030 İlkadım/Samsun, Türkiye",İlkadım,http://www.dilekdismedikal.com.tr/,Bilinmiyor / özel kod,LiteSpeed,PHP/7.3.33,200,
Ladik Devlet Hastanesi,"Akpınar, 55760 Ladik/Samsun, Türkiye",Ladik,https://ladikdh.saglik.gov.tr/,ASP.NET,,,200,
Dr. Elif Isleyen,"Çeşme, Belediye Pazar Cad. No:5, 55800 Alaçam/Samsun, Türkiye",Alaçam,,Website yok,,,,
Asarcik District State Hospital,"Biçincik, Esen Sk. 15A, 55860 Asarcık/Samsun, Türkiye",Asarcık,,Website yok,,,,
Dt. Alper Dilek,"19 Mayıs Mah. Gazi Caddesi Serkan İş Hanı No:90, Kazancı, D:2, 55000 Kavak/Samsun, Türkiye",Kavak,https://www.doktortakvimi.com/alper-dilek/dis-hekimi/samsun?utm_source=google&utm_medium=gmb&utm_campaign=149834&utm_content=url_appointment,Bilinmiyor / özel kod,nginx,,200,
"Uzm. Dt. İbrahim Ayberk Yelken, Ortodonti","Kale, İstiklal Cd. No:35/1, 55030 İlkadım/Samsun, Türkiye",İlkadım,https://www.doktortakvimi.com/ibrahim-ayberk-yelken/ortodonti-dis-hekimi/samsun?utm_source=google&utm_medium=gmb&utm_campaign=243641&utm_content=website,Bilinmiyor / özel kod,nginx,,200,
Özel Sundent Ağız ve Diş Sağlığı Polikliniği (Diş Hekimi Gülşah Akarsu Kiper),"Mevlana, Abdullah Gül Blv No:99, 55020 Atakum/Samsun, Türkiye",Atakum,http://www.sundentdis.com/,WordPress,LiteSpeed,PHP/8.2.30,200,
Diş hekimi Dt. Ömer ÇELTİK Diş Kliniği,"Yalı, 8060. Sk. 27/A, 55270 Atakum/Samsun, Türkiye",Atakum,https://www.facebook.com/profile.php?id=100085692317156,Bilinmiyor / özel kod,,,200,
clinicatakent,"yenimahalle mah. 3157. sk. Durmuş Çalıkoğlu Apt. no:2/4, Yenimahalle, 55200 Atakum/Samsun, Türkiye",Atakum,,Website yok,,,,
Dt ASelimKocabas,"Güzelyalı, 3022. Sk. No:1, 55270 Atakum/Samsun, Türkiye",Atakum,,Website yok,,,,
Poplar State Hospital,"Soğuksu, Lise Caddesi No:2, 55850 Kavak/Samsun, Türkiye",Kavak,"https://samsun.saglik.gov.tr/TR,48334/kavak-devlet-hastanesi.html",ASP.NET,,,200,
Diş Hekimi Onur Kuş | Samsun Diş Hekimi,"Bereket Apartmanı, Saitbey, 100. Yıl Blv. No: 80/8 Kat:1, 55030 İlkadım/Samsun, Türkiye",İlkadım,http://dtonurkus.com/,"Laravel, React, Wix",Pepyaka,,200,
Dr. Ekrem Ozel,"Bereket, 55530 Salıpazarı/Samsun, Türkiye",Salıpazarı,,Website yok,,,,
Elif Kapar,"Cumhuriyet, Kemer Sk. No:8, 55600 Terme/Samsun, Türkiye",Terme,,Website yok,,,,
Kanka Dental,"Hacınabi, Hacı Kabaş Sk. No:12, 55400 Bafra/Samsun, Türkiye",Bafra,,Website yok,,,,
Diş Hekimi Münire Pehlivan,"Tabakhane, Atatürk Blv. No:25, 55400 Bafra/Samsun, Türkiye",Bafra,,Website yok,,,,
"Dt. Şule Özçelik, Diş Hekimi","Sungurlu, Sungurlu Cd. No:14 C, 55500 Çarşamba/Samsun, Türkiye",Çarşamba,https://www.doktortakvimi.com/sule-ozcelik/dis-hekimi/samsun?utm_source=google&utm_medium=gmb&utm_campaign=241510&utm_content=website,Bilinmiyor / özel kod,nginx,,200,
Bafra Ortopedi Ortez ve Protez Uygulama Merkezi,"Tabakhane, Güven Sk No:24/A, 55400 Bafra/Samsun, Türkiye",Bafra,http://www.bafraortopedi.com/,Bilinmiyor / özel kod,Apache,,200,
Diş Hekimi Ceyda Eroğlu,"RİVADENT DİŞ KLİNİĞİ, Mimarsinan, 160. Sk. Köksal İş Merkezi, 55200 Atakum/Samsun, Türkiye",Atakum,,Website yok,,,,
Dr. Vahdet Demircioglu,"ilkadım, 100. Yıl Blv. No:83 D:4, 55200 Merkez/Samsun, Türkiye",Merkez,,Website yok,,,,
Dream Smile,"Denizevleri, 214. Sk., 55200 Atakum/Samsun, Türkiye",Atakum,,Website yok,,,,
"Dt. Şeyma Sarıoğlu, Diş Hekimi","Sarıcalı Mahallesi Yunus Emre Caddesi Zübeyde Hanım Meydanı No:1 Kat:1, Sarıcalı, 55500 Çarşamba/Samsun, Türkiye",Çarşamba,https://www.doktortakvimi.com/seyma-sarioglu/dis-hekimi/samsun?utm_source=google&utm_medium=gmb&utm_campaign=250521&utm_content=website,Bilinmiyor / özel kod,nginx,,200,
Dr. Dt. Esra Duran,"Mimar Sinan Mahallesi Köksal İş Merkezi, Mimarsinan, 160. Sk. Otopark No:26, 55200 Atakum/Samsun, Türkiye",Atakum,,Website yok,,,,
"Uzm. Dt. Adem Boyun, Diş Hekimi, Restoratif Diş Tedavisi","Mimar Sinan Mahallesi, Atatürk Bl. No:257/A, 55000 Atakum/Samsun, Türkiye",Atakum,https://www.doktortakvimi.com/adem-boyun/dis-hekimi-restoratif-dis-tedavisi/samsun?utm_source=google&utm_medium=gmb&utm_campaign=278791&utm_content=post_book_now,Bilinmiyor / özel kod,nginx,,200,
Dr. Bassam Halil,"Mimarsinan, Alparslan Blv. No:23 D:2, 55200 Atakum/Samsun, Türkiye",Atakum,,Website yok,,,,
Clinic Balkaya,"Mimarsinan, Atatürk Bl. Lotus Evleri No. 257 Kat.2 Daire.13, 55200 Atakum/Samsun, Türkiye",Atakum,https://clinicbalkaya.com/,,,,,"HTTPSConnectionPool(host='clinicbalkaya.com', port=443): Max retries exceeded with url: / (Caused by SSLError(CertificateError(""hostname 'clinicbalkaya.com' doesn't match either of '*.srvpanel.com', 'srvpanel.com'"")))"
Dr. Seda Unal Halil,"Cumhuriyet, Mimarsinan, Alparslan Blv. No:23 D:2, 55200 Atakum/Samsun, Türkiye",Atakum,,Website yok,,,,
Diş hekimi Mustafa Vural,"Mimarsinan Mah. Alpaslan Bulvarı Park Apt. B Blok No:23 Kat:5 Daire:13, Mimarsinan, 55200 Atakum/Samsun, Türkiye",Atakum,,Website yok,,,,
Diş Hekimi Ömer Habib DOĞAN,"Cumhuriyet, Alparslan Blv. Deniz Apt No:20/5, 55020 Atakum/Samsun, Türkiye",Atakum,,Website yok,,,,
Atakum Diş Hekimi Orhan Alakuş,"Medikal Park karşısı, Cumhuriyet, Alparslan Blv. No:24/4, 55200 Atakum/Samsun, Türkiye",Atakum,,Website yok,,,,
Diş Hekimi Mümtaz Uğur,"Mimarsinan, Atatürk Bl. No:264, 55200 Atakum/Samsun, Türkiye",Atakum,,Website yok,,,,
ORTODONTİ UZMANI Nurver Karslı,"City Mall Karşısı, Cumhuriyet Mahallesi Cumhuriyet Mahallesi, Mimarsinan, Alparslan Blv. Erman Apt No:5, 55200, 55200 Atakum/Samsun, Türkiye",Atakum,,Website yok,,,,
Allure Güzellik Merkezi,"Mimarsinan, 135. Sk. 1 ABC, 55200 Atakum/Samsun, Türkiye",Atakum,,Website yok,,,,
Dt Hande Türkoğlu,"Cumhuriyet, 55200 Atakum/Samsun, Türkiye",Atakum,,Website yok,,,,
Dr. Ali Durmus,"Çeşme, 19 Mayıs Bulv. Yuvam Apt. No:31 D:1, 55800 Alaçam/Samsun, Türkiye",Alaçam,https://www.doktortakvimi.com/ali-durmus-3/genel-cerrahi/istanbul?utm_source=google&utm_medium=gmb&utm_campaign=84265%20&utm_content=url_appointment,Bilinmiyor / özel kod,nginx,,200,
Samsun Mekanik Ortopedi,"Liman, Gezi Cd. 50/1, 55100 İlkadım/Samsun, Türkiye",İlkadım,,Website yok,,,,
Diş Hekimi H. Ece Gülay,"Cumhuriyet, 38. Sk. No:2 D:10, 55200 Atakum/Samsun, Türkiye",Atakum,,Website yok,,,,
Dt. Mümtaz Hüseyin Uğur,"Mimarsinan, Atatürk Bl. NO:264/7, 55200 Atakum/Samsun, Türkiye",Atakum,https://www.doktortakvimi.com/mumtaz-huseyin-ugur/dis-hekimi/samsun?utm_source=google&utm_medium=gmb&utm_campaign=151296&utm_content=url_appointment,Bilinmiyor / özel kod,nginx,,200,
"Dt. Bahadır Yavuz, Diş Hekimi","Mimarsinan, 144. Sk. Albayrak apartmanı a blok kat1 daire 2, 55200 Atakum/Samsun, Türkiye",Atakum,https://www.doktortakvimi.com/bahadir-yavuz/dis-hekimi/samsun?utm_source=google&utm_medium=gmb&utm_campaign=251306&utm_content=website,Bilinmiyor / özel kod,nginx,,200,
"Dt. Yusuf Akpınar, Diş Hekimi","Mimar Sinan mah. 160. sok. Köksal iş mrk. 26/3 (Medical Park acil karşısı, Mimarsinan, 55200 Atakum/Samsun, Türkiye",Atakum,https://www.doktortakvimi.com/yusuf-akpinar/dis-hekimi/samsun?utm_source=google&utm_medium=gmb&utm_campaign=154677&utm_content=website,Bilinmiyor / özel kod,nginx,,200,
Dr. Umit Keles,"Kale, İstiklal Cd. Berkem Apt. No:7 D:9, 55030 İlkadım/Samsun, Türkiye",İlkadım,,Website yok,,,,
Uzm. Dt. Ahmet Hilmi Şifaoğlu,"Mimar Sinan Mahallesi, 144. Sk. No:33/2, 55000 Atakum/Samsun, Türkiye",Atakum,https://www.doktortakvimi.com/ahmet-hilmi-sifaoglu/dis-hekimi-protetik-dis-tedavisi/samsun?utm_source=google&utm_medium=gmb&utm_campaign=261583&utm_content=url_appointment,Bilinmiyor / özel kod,nginx,,200,
"Dt. Erman Ürer, Diş Hekimi","Cumhuriyet, Alparslan Blv. Erman Apt No:6 Kat:1 Daire:4, 55000 Atakum/Samsun, Türkiye",Atakum,https://www.doktortakvimi.com/erman-urer/dis-hekimligi/samsun?utm_source=google&utm_medium=gmb&utm_campaign=132453&utm_content=website,Bilinmiyor / özel kod,nginx,,200,
Cagri Dis Protez,"Kale, Turgut Reis Sk. No:9 D:1, 55030 Samsun Merkez/Samsun, Türkiye",Samsun Merkez,,Website yok,,,,
ÖZTÜRK ESTETİK DİŞ KLİNİĞİ,"Alparslan Bulvarı Cumhuriyet Mahallesi KILIÇ APARTMANI Kat.1 Daire:4, Cumhuriyet, 55200 Atakum/Samsun, Türkiye",Atakum,http://atakumortodonti.com.tr/,,,,,"HTTPConnectionPool(host='atakumortodonti.com.tr', port=80): Max retries exceeded with url: / (Caused by NameResolutionError(""HTTPConnection(host='atakumortodonti.com.tr', port=80): Failed to resolve 'atakumortodonti.com.tr' ([Errno 8] nodename nor servname provided, or not known)""))"
Dr. Mete Karatas,"Bahçelievler, Kazım Karabekir Cd. No:22 D:1, 55070 İlkadım/Samsun, Türkiye",İlkadım,,Website yok,,,,
Ortopol Tip Merkezi,"Kale, Cumhuriyet Meydanı Bestaş İş Hanı D:2, 55030 İlkadım/Samsun, Türkiye",İlkadım,,Website yok,,,,
Diş Hekimi Serkan GÜDEK,"İstiklal, Alparslan Blv. no:66/6, 55200 Atakum/Samsun, Türkiye",Atakum,http://www.instagram.com/dtserkangudek,Bilinmiyor / özel kod,,,200,
Dt.Ali DURMUŞ,"Kale mahallesi 19.mayıs bulvarı no:19 başak, Kale, apartmanı kat 1, 55030 İlkadım/Samsun, Türkiye",İlkadım,,Website yok,,,,
hacettepe orthopedics,"Ulugazi, 100. Yıl Blv. No:151/3, 55030 İlkadım/Samsun, Türkiye",İlkadım,http://www.hacettepeortopedi.net/,Bilinmiyor / özel kod,LiteSpeed,,200,
Diş Hekimi Mert TEKİN,"Ulugazi, İstiklal Cd. No:24, 55030 İlkadım/Samsun, Türkiye",İlkadım,,Website yok,,,,
Özel Aydent Ağız,"Saitbey, D:1, 55030 Şişli/İlkadım/Samsun, Türkiye",Şişli,http://aydent.com.tr/,ASP.NET,Microsoft-IIS/10.0,ASP.NET,200,
Dt. Menekşe Okumuş Ürer,"Cumhuriyet Mahallesi Alparslan Bulvarı Erman Apartmanı No:6 Kat:1 Daire:4, Cumhuriyet, 55000 Atakum/Samsun, Türkiye",Atakum,https://www.doktortakvimi.com/menekse-okumus-urer/dis-hekimligi/samsun?utm_source=google&utm_medium=gmb&utm_campaign=132452&utm_content=url_appointment,Bilinmiyor / özel kod,nginx,,200,
Dr. Riza Inan,"Kale, 19 Mayıs Bulv. Yuvam Apt. No:31 D:4, 55030 Samsun Merkez/Samsun, Türkiye",Samsun Merkez,,Website yok,,,,
Diş Hekimi Melih Turgut,"İstiklal Cad. Şahinkaya Apt. No:68 D:2, Hürriyet, 55030 İlkadım/Samsun, Türkiye",İlkadım,https://www.melihturgut.com/,"Laravel, React, Wix",Pepyaka,,200,
"Dt. Rukiye Bekdemir, Diş Hekimi","Faktör ofis, Hançerli, 608. Sokak No:5/9, 55070 İlkadım/Samsun, Türkiye",İlkadım,https://www.doktortakvimi.com/rukiye-bekdemir/dis-hekimi/samsun?utm_source=google&utm_medium=gmb&utm_campaign=277559&utm_content=website,Bilinmiyor / özel kod,nginx,,200,
Diş Hekimi Burak Kaya Muayenehanesi,"Kale, İstiklal Cd. Berkem Apartmanı No:7 Kat:3 Daire:9, 55030 İlkadım/Samsun, Türkiye",İlkadım,,Website yok,,,,
Diş Hekimi Merve Yılmaz,"Ulugazi, İstiklal Cd. No:32/6, 55020 İlkadım/Samsun, Türkiye",İlkadım,,Website yok,,,,
"Uzm. Dt. Zeynep Kaya, Diş Hekimi","Faktör ofis, Hançerli, 608. Sok No. 5 D:9, 55070, 55020 İlkadım/Samsun, Türkiye",İlkadım,https://www.doktortakvimi.com/zeynep-kaya-6/dis-hekimi-cocuk-dis-hekimligi-pedodonti/samsun?utm_source=google&utm_medium=gmb&utm_campaign=264831&utm_content=website,Bilinmiyor / özel kod,nginx,,200,
Dr. Emin Akinci,"Saitbey, Bağdat Cd. Aslanbayrak İş Hanı No:147, 55030 İlkadım/Samsun, Türkiye",İlkadım,,Website yok,,,,
Diş Hekimi Elif Aygün Büyükbaş,"Ulugazi, İstiklal Cd. No:32/6, 55100 İlkadım/Samsun, Türkiye",İlkadım,,Website yok,,,,
Diş Hekimi Sema Özakan,"Kale, Kerim Efendi Sk. No:19, 55030 İlkadım/Samsun, Türkiye",İlkadım,,Website yok,,,,
Dt. Elifsu Akın,"Mevlana, Abdullah Gül Blv Çelik Apt No: 99 B, 55200 Atakum/Samsun, Türkiye",Atakum,https://www.doktorsitesi.com/elifsu-akin-1/dis-hekimi/samsun,Next.js,cloudflare,,200,
Diş Hekimi Berat Yusuf BAŞ,"Ulugazi, 614. Sk No:7C D:3, 55030 İlkadım/Samsun, Türkiye",İlkadım,http://www.beratyusufbas.com.tr/,Bilinmiyor / özel kod,LiteSpeed,,200,
Dr. Kalender Demirkaya,"Kadıköy, Kadı Cd. Kayalar Apt. No:1 D:1, 55040 İlkadım/Samsun, Türkiye",İlkadım,,Website yok,,,,
DİŞ HEKİMİ ONUR ALPTÜRK | BULVARDENT,"Kadıköy, 100. Yıl Blv. no:126/3, 55000 İlkadım/Samsun, Türkiye",İlkadım,,Website yok,,,,
Dr. Ahmet Lengerli,"İlyasköy, 100. Yıl Blv. No:126 D:2, 55040 Düvencik Köyü/İlkadım/Samsun, Türkiye",Düvencik Köyü,,Website yok,,,,
Dr. Adni Kangulec,"Denizevleri, Atatürk Bl. No:154, 55200 Atakum/Samsun, Türkiye",Atakum,,Website yok,,,,
Dr. Ersin Kürtün,"Ulugazi, İstiklal Cd. No:36, 55060 İlkadım/Samsun, Türkiye",İlkadım,https://www.ersinkurtun.com/,Bilinmiyor / özel kod,cloudflare,,200,
Diş hekimi Duygu Albayrak,"100.yıl bulvarı kadıköy mh orhan gencebay cd geçit apt no:2, Kadıköy, 55200 İlkadım/Samsun, Türkiye",İlkadım,,Website yok,,,,
Dr. Ovgu Tuncdemir,"Hürriyet, İstiklal Cd. Amiye Hanım Apt. No:88 D:1, 55030 İlkadım/Samsun, Türkiye",İlkadım,,Website yok,,,,
Dr. Hulya Terzioglu,"Kale, İstiklal Cad./kaptanağa Sok. Ertan İş Hanı No:34, 55030 İlkadım/Samsun, Türkiye",İlkadım,,Website yok,,,,
Dr. Engin Cavus,"Hürriyet, Alp Gündem Sk. Atalay Apt, 55030 İlkadım/Samsun, Türkiye",İlkadım,,Website yok,,,,
Samsun adam bakım merkezi,"19 Mayıs, İnce Sk. no/34, 55030 İlkadım/Samsun, Türkiye",İlkadım,,Website yok,,,,
DİŞ HEKİMİ SAİT ALBAYRAK & DİŞ HEKİMİ SEMA ALBAYRAK,"19 Mayıs, Osmaniye Cd. No:39/18, 55030 İlkadım/Samsun, Türkiye",İlkadım,https://www.albayrakdisklinigi.com/,Bilinmiyor / özel kod,nginx,,200,
Dr. Derya Kucuk Dingil,"İlkadım, Fatih Sultan Mehmet Cd No:45, 55020 İlkadım/Samsun, Türkiye",İlkadım,,Website yok,,,,
Dr. Kemal Eryilmaz,"İlyasköy, Süleymaniye Cd. No:42 D:1, 55030 İlkadım/Samsun, Türkiye",İlkadım,,Website yok,,,,
Oral,"Pazar, Necip Bey Cd. No:21, 55020 İlkadım/Samsun, Türkiye",İlkadım,,Website yok,,,,
Hacettepe Medical Market,"Ulugazi, 100. Yıl Blv. No:153, 55030 İlkadım/Samsun, Türkiye",İlkadım,http://www.hacettepeortopedi.net/,Bilinmiyor / özel kod,LiteSpeed,,200,
"Dt. Oğuzhan Aykır, Diş Hekimi","Ulugazi, 614. Sk No:7/3, 55070 İlkadım/Samsun, Türkiye",İlkadım,https://www.doktortakvimi.com/oguzhan-aykir/dis-hekimi/samsun?utm_source=google&utm_medium=gmb&utm_campaign=268551&utm_content=website,Bilinmiyor / özel kod,nginx,,200,
Dis Hekimi Tülay Yildirim,"19 Mayıs, Kışla Sk. No:13, 55030 Düvencik Köyü/İlkadım/Samsun, Türkiye",Düvencik Köyü,,Website yok,,,,
Dr. Adnan Misirlioglu,"19 Mayıs, Süleymaniye Sok. Köşk Apt. No:41 D:5, 55020 Samsun Merkez/Samsun, Türkiye",Samsun Merkez,,Website yok,,,,
Diş Hekimi Ersu KOCAGÖZ Diş Kliniği,"Pazar, Fatih Sultan Mehmet Cd No:59/6, 55070 İlkadım/Samsun, Türkiye",İlkadım,,Website yok,,,,
Samsun Dis Hekimleri Odasi,"Ulugazi, 19 Mayıs Blv. No:16 D:1, 55030 İlkadım/Samsun, Türkiye",İlkadım,http://www.samsun-dho.org/,Bilinmiyor / özel kod,hcdn,PHP/7.3.33,200,
Dr. Ahmet Baykal,"Hastane, Hakkı Bey Sok No:2 D:6, 55040 İlkadım/Samsun, Türkiye",İlkadım,,Website yok,,,,
Dr.Serhan Gümrükçü,"Yenimahalle, 3157. Sokak, 55200 Atakum/Samsun, Türkiye",Atakum,,Website yok,,,,
Dr. Ayse Cadir,"İstasyon, Bahariye Cd. No:8 D:8, 55060 İlkadım/Samsun, Türkiye",İlkadım,,Website yok,,,,
Dr. Levent Uyar,"İstasyon, İstiklal Cd. 145-1 D:1, 55060 İlkadım/Samsun, Türkiye",İlkadım,,Website yok,,,,
Diş Hekimi Gamze Aydın Yüksel,"Kale, Afitap Sk. 16/B, 55030 İlkadım/Samsun, Türkiye",İlkadım,https://gamzeaydinyuksel.com/,WordPress,LiteSpeed,,200,
Dr. Cagler Temiz,"Aziziye Cad. Akan Apt. No:32 D:1, Karadeniz, 55060 İlkadım/Samsun, Türkiye",İlkadım,,Website yok,,,,
Dr. Abdullah Ilker,"İlyasköy, İstiklal Cad. Akyüz Apt. No:10 D:1, 55040 İlkadım/Samsun, Türkiye",İlkadım,,Website yok,,,,
Diş Hekimi Tuncer Okuyucu,"Karadeniz, Lise Cd. No:24/2, 55060 İlkadım/Samsun, Türkiye",İlkadım,,Website yok,,,,
Samerts Çanta,"Karadeniz, 55060 İlkadım/Samsun, Türkiye",İlkadım,,Website yok,,,,
Diş Hekimi Merve Bahtiyar AKDENİZ,"Taşhan apt, İstiklal mah, Çiftlik caddesi no:118B, 55060 İlkadım/Samsun, Türkiye",İlkadım,,Website yok,,,,
Dr. Sule Yesil Koyun,"Fatih, Mecidiye Çarşısı No:64, 55050 İlkadım/Samsun, Türkiye",İlkadım,,Website yok,,,,
Dr. Cihat Yilmaz,"İlyasköy, 100. Yıl Bulv./hakkıbey Sok. No:18 D:3, 55050 İlkadım/Samsun, Türkiye",İlkadım,,Website yok,,,,
"Dt. Mehmet Ali Altun, Diş Hekimi","19 Mayıs, Ağabali Cd. no:56/8, 55600 İlkadım/Samsun, Türkiye",İlkadım,https://www.doktortakvimi.com/mehmet-ali-altun/dis-hekimi/samsun?utm_source=google&utm_medium=gmb&utm_campaign=250641&utm_content=website,Bilinmiyor / özel kod,nginx,,200,
Diş Hekimi Nurullah Sarıoğlu,"Adalet, Şht. Polis Serkan Yavuz Sk., 55060 İlkadım/Samsun, Türkiye",İlkadım,,Website yok,,,,
Yunus Erdem Aktuz,"Fevzi Çakmak, Lise Cd. No:83, 55070 İlkadım/Samsun, Türkiye",İlkadım,,Website yok,,,,
"Dt. Seray Tan, Diş Hekimi","Hançerli, 608 sok 5/9, 55020 İlkadım/Samsun, Türkiye",İlkadım,https://www.doktortakvimi.com/seray-tan/dis-hekimi/samsun?utm_source=google&utm_medium=gmb&utm_campaign=259500&utm_content=website,Bilinmiyor / özel kod,nginx,,200,
Samsun Diş Kliniğii,"Yenimahalle, 3474 Sk Demir Apt D:No:1/ A Daire:11, 55270, Yenimahalle, 55100 Atakum/Samsun, Türkiye",Atakum,,Website yok,,,,
Diş Hekimi Cihat ERDOĞMUŞ,"Cumhuriyet, 38. Sk. No:2 Kat:3, 55200 Atakum/Samsun, Türkiye",Atakum,,Website yok,,,,
Diş Hekimi Ezgi Aytaç,"Yenimahalle, 3071. Sk. No: 2, 55270 Atakum/Samsun, Türkiye",Atakum,,Website yok,,,,
Diş Hekimi Edanur Özmen,"Bahadır Batur Apt, Atakent, Ali Gaffar Okkan Cd. No:1/7, 55270 Atakum/Samsun, Türkiye",Atakum,,Website yok,,,,
Dt. Hilal YAVUZ,"Yenimahalle, vatan bulvarı no:11 kat:1 daire:2, 55200 Atakum/Samsun, Türkiye",Atakum,,Website yok,,,,
عيادة الماسة لطب الاسنان,"Çiftlik, Aziziye Cd., 55200 İlkadım/Samsun, Türkiye",İlkadım,https://www.facebook.com/drzaidalanisamsun,Bilinmiyor / özel kod,,,200,
Micro Boncuk Saç Kaynak Merkezi,"Atakent, Atatürk Bl. no. 3/1, 55270 Atakum/Samsun, Türkiye",Atakum,,Website yok,,,,
Diş Hekimi Esra Duran,"Atakent, Ali Gaffar Okkan Cd. No: 1/7, 55210 Atakum/Samsun, Türkiye",Atakum,,Website yok,,,,
Diş Hekimi Oğuzhan Şanlı,"Çiftlik, Bahariye Cd. Beyaz Saray Apartmanı No:45,Kat:3, 55060 İlkadım/Samsun, Türkiye",İlkadım,http://www.sanlidisklinigi.com/,ASP.NET,Microsoft-IIS/10.0,ASP.NET,200,
Eda Tüfekçi,"Atakent, Atatürk Bl. No:1 D:b, 55210 Atakum/Samsun, Türkiye",Atakum,,Website yok,,,,
Diş Hekimi Arzu Şanlı,"Körfez Mah. Atatürk 5. Kısım Bulvarı, Martı Apartmanı No:78, Kat:2, Daire No:11, Körfez, 55270 Atakum/Samsun, Türkiye",Atakum,http://sanlidisklinigi.com/,ASP.NET,Microsoft-IIS/10.0,ASP.NET,200,
Diş Hekimi Dr.Dt.Oya ÖZKOÇ,"Yenimahalle, Emek Cd. Platin Plaza D:61/8, 55080 Canik/Samsun, Türkiye",Canik,https://drdtoyaozkoc.com.tr/,Vue.js,hcdn,HostingerWebsiteBuilder,200,
Dt. Melike Beyaz,"Cumhuriyet, 76. Sk. No:5/A, 55000 Atakum/Samsun, Türkiye",Atakum,https://www.doktortakvimi.com/melike-beyaz/dis-hekimi/samsun?utm_source=google&utm_medium=gmb&utm_campaign=258172&utm_content=url_appointment,Bilinmiyor / özel kod,nginx,,200,
"Dt. Dilara Özçelik, Diş Hekimi","Cumhuriyet mah. 66.sokak Fatma Hatun Evleri No:2B Kat:4 Daire:10, Cumhuriyet, 55200 Atakum/Samsun, Türkiye",Atakum,https://www.doktortakvimi.com/dilara-ozcelik/dis-hekimi/samsun?utm_source=google&utm_medium=gmb&utm_campaign=241442&utm_content=website,Bilinmiyor / özel kod,nginx,,200,
"Dt. Hatice Nesrin Topaç, Diş Hekimi","Cumhuriyet, 66. Sk. No:2-B D:4, 55200 Atakum/Samsun, Türkiye",Atakum,https://www.doktortakvimi.com/hatice-nesrin-topac-2/dis-hekimi/samsun?utm_source=google&utm_medium=gmb&utm_campaign=241443&utm_content=website,Bilinmiyor / özel kod,nginx,,200,
Dt. Osman Kılıç,"Faktör ofis, Hançerli, 608. Sokak No: 5/9, 55000 İlkadım/Samsun, Türkiye",İlkadım,https://www.doktortakvimi.com/osman-kilic-7/dis-hekimi/samsun?utm_source=google&utm_medium=gmb&utm_campaign=262817&utm_content=url_appointment,Bilinmiyor / özel kod,nginx,,200,
Dt. Emre Topaç,"Cumhuriyet, 66. Sk. No:2B K:2 D:4, 55000 Atakum/Samsun, Türkiye",Atakum,https://www.doktortakvimi.com/emre-topac/dis-hekimi/samsun?utm_source=google&utm_medium=gmb&utm_campaign=241441&utm_content=url_appointment,Bilinmiyor / özel kod,nginx,,200,
"Dt. Yusuf Poyraz, Diş Hekimi","Cumhuriyet, 76. Sk. No:5/A, 55200 Atakum/Samsun, Türkiye",Atakum,https://www.doktortakvimi.com/yusuf-poyraz/dis-hekimi/samsun?utm_source=google&utm_medium=gmb&utm_campaign=258169&utm_content=website,Bilinmiyor / özel kod,nginx,,200,
"Dt. Gülce Gökalp, Diş Hekimi","Cumhuriyet, Adnan Menderes Blv. 1. Kısım Bulvarı No: 327/4 1. Blok, 55000 Atakum/Samsun, Türkiye",Atakum,https://www.doktortakvimi.com/gulce-gokalp/dis-hekimi/samsun?utm_source=google&utm_medium=gmb&utm_campaign=271293&utm_content=website,Bilinmiyor / özel kod,nginx,,200,
Dt. Behnaz Rezaei,"Hançerli, 608 Sokak No:5/9, 55020 İlkadım/Samsun, Türkiye",İlkadım,http://www.doktortakvimi.com/behnaz-rezaei/dis-hekimi/samsun?utm_source=google&utm_medium=gmb&utm_campaign=298330&utm_content=post_book_now,Bilinmiyor / özel kod,nginx,,200,
